Id;NickName;Date;Score
3;Annihilator;2021-06-24T02:43:28;2478
85;Iron-Cut;2022-08-07T14:43:28;1013
27;Digital;2022-07-26T05:43:28;6828
70;Capital F;2022-04-15T17:43:28;119
42;Harry Dotter;2021-05-21T03:43:28;9244
28;Blood;2021-04-28T08:43:28;9714
28;Blood;2021-07-23T07:43:28;4973
89;Easy Sweep;2021-12-20T09:43:28;1549
47;Investor Relations;2021-09-30T22:43:28;3761
96;Cannon;2021-10-07T19:43:28;4796
7;Alien;2022-03-29T03:43:28;3821
11;Agony;2022-03-25T16:43:28;240
15;Amaretto;2021-12-29T22:43:28;6270
96;Cannon;2021-09-06T16:43:28;3009
58;RedFeet;2021-09-27T01:43:28;8365
72;Aspect;2021-10-27T15:43:28;4054
13;CargoKill;2022-02-26T22:43:28;4751
70;Capital F;2022-02-23T15:43:28;4725
11;Agony;2022-04-11T22:43:28;4301
44;Mighty Mafia;2022-03-31T14:43:28;2830
70;Capital F;2022-07-18T21:43:28;2728
8;Abyss;2022-02-06T08:43:28;5115
82;Wardon;2021-12-31T01:43:28;3076
9;CrazyBull;2021-07-22T14:43:28;2428
5;Arbitrage;2021-06-08T06:43:28;327
67;Boar;2022-06-19T08:43:28;1166
54;Knuckles;2022-05-07T04:43:28;2677
50;Fisheye;2022-06-16T11:43:28;3579
64;Snake;2022-05-23T22:43:28;1055
69;Accidental Genius;2022-06-07T08:43:28;10445
22;Given Moment;2022-06-25T00:43:28;5463
93;Cannon;2022-02-06T18:43:28;7541
46;Homely Sharpshooters;2022-05-02T23:43:28;5232
91;Skull Crusher;2021-07-10T17:43:28;5925
21;Core Philosophies;2022-04-19T21:43:28;5903
94;Sniper;2021-07-28T14:43:28;9804
15;Amaretto;2022-03-17T02:43:28;10304
93;Cannon;2022-01-26T10:43:28;2197
67;Boar;2022-07-04T00:43:28;5825
50;Fisheye;2022-07-16T18:43:28;3667
97;Doz Killer;2022-03-13T01:43:28;3014
63;Rubble;2021-08-14T10:43:28;4276
26;Critical Role;2022-04-12T04:43:28;5511
88;Schizo;2022-02-20T15:43:28;2449
26;Critical Role;2022-05-10T02:43:28;2932
40;Dug Funnie;2021-12-01T09:43:28;615
91;Skull Crusher;2022-08-09T05:43:28;2085
85;Iron-Cut;2021-12-19T19:43:28;3860
31;Sky Bully;2021-05-03T04:43:28;7259
93;Cannon;2022-01-04T08:43:28;2270
85;Iron-Cut;2021-07-10T02:43:28;4561
50;Fisheye;2022-05-07T17:43:28;4107
63;Rubble;2021-07-30T04:43:28;4495
45;Anonymous Names;2022-06-17T19:43:28;11666
22;Given Moment;2022-07-05T05:43:28;3871
40;Dug Funnie;2021-06-07T08:43:28;5067
63;Rubble;2021-09-05T05:43:28;459
97;Doz Killer;2021-08-26T17:43:28;3406
22;Given Moment;2021-11-30T08:43:28;5056
5;Arbitrage;2021-07-10T19:43:28;5240
64;Snake;2021-12-20T06:43:28;10437
19;Animus;2021-09-16T12:43:28;9277
84;Grizzly;2021-09-05T02:43:28;4351
44;Mighty Mafia;2021-10-27T08:43:28;4249
88;Schizo;2021-09-07T06:43:28;2586
42;Harry Dotter;2022-01-09T10:43:28;2942
20;Stream Elements;2021-12-26T07:43:28;1517
51;Sidewalk Enforcer;2021-05-10T19:43:28;5964
16;Amazon;2021-12-23T05:43:28;5561
22;Given Moment;2022-05-30T16:43:28;5394
55;Silver Stone;2022-02-27T03:43:28;5651
38;Titanium;2021-09-26T17:43:28;3191
73;Tweek;2022-06-12T00:43:28;3807
92;Dark Horse;2021-07-26T13:43:28;3541
94;Sniper;2021-10-03T22:43:28;4373
4;Anomaly;2022-05-13T10:43:28;5169
74;Gut;2021-07-11T06:43:28;4349
25;Flagship Property;2021-07-27T12:43:28;3433
93;Cannon;2021-09-12T04:43:28;1973
70;Capital F;2022-08-12T10:43:28;4998
83;Bowie;2021-08-13T03:43:28;626
88;Schizo;2022-06-24T15:43:28;277
35;Tusk;2022-04-08T05:43:28;5521
36;Albatross;2021-10-10T15:43:28;4740
82;Wardon;2021-05-16T22:43:28;1778
77;Geronimo;2021-07-05T12:43:28;1031
19;Animus;2021-06-13T04:43:28;2567
37;Bad Bunny;2021-04-23T13:43:28;1281
8;Abyss;2021-08-26T08:43:28;8494
98;Footslam;2022-08-08T12:43:28;2666
60;Sythe;2022-03-08T23:43:28;10427
37;Bad Bunny;2022-03-12T15:43:28;1819
52;Falcon;2021-04-08T08:43:28;4198
41;Gunsly Bruce Lee;2021-06-06T17:43:28;2706
72;Aspect;2022-01-30T07:43:28;1560
56;Roller Turtle;2021-08-16T09:43:28;4090
56;Roller Turtle;2021-05-04T08:43:28;1189
62;Acid Gosling;2022-01-03T08:43:28;3049
47;Investor Relations;2022-06-07T07:43:28;4823
44;Mighty Mafia;2021-08-20T11:43:28;4738
69;Accidental Genius;2021-06-24T01:43:28;2325
13;CargoKill;2021-07-24T08:43:28;6596
28;Blood;2021-09-09T21:43:28;5799
81;Breaker;2021-04-28T09:43:28;920
85;Iron-Cut;2022-05-31T23:43:28;1223
56;Roller Turtle;2021-05-12T17:43:28;5610
81;Breaker;2021-05-22T00:43:28;10657
81;Breaker;2022-01-08T09:43:28;5072
44;Mighty Mafia;2021-05-05T22:43:28;8950
64;Snake;2022-06-15T15:43:28;4953
93;Cannon;2022-05-20T04:43:28;5094
23;Relative Performance;2021-08-29T10:43:28;5840
27;Digital;2022-01-21T07:43:28;2519
49;Bleed;2022-08-08T08:43:28;10988
2;The Armor;2021-04-28T07:43:28;6168
67;Boar;2021-05-21T09:43:28;10922
30;Scalp;2022-05-31T00:43:28;616
43;Manchu Man;2021-12-11T13:43:28;3100
33;Jawbone;2022-06-30T04:43:28;4144
31;Sky Bully;2022-07-06T14:43:28;5332
57;RoarSweetie;2022-01-12T03:43:28;5243
81;Breaker;2022-02-04T10:43:28;2803
36;Albatross;2022-03-12T03:43:28;957
37;Bad Bunny;2021-10-11T11:43:28;1868
43;Manchu Man;2021-04-27T08:43:28;10789
86;Dexter;2022-04-02T14:43:28;5612
43;Manchu Man;2021-11-30T00:43:28;5951
44;Mighty Mafia;2022-04-12T14:43:28;5584
17;New Ambush;2021-05-07T01:43:28;3797
87;Vulture;2022-01-29T09:43:28;783
1;My Arsenal;2021-11-04T02:43:28;5573
7;Alien;2022-02-17T10:43:28;1555
69;Accidental Genius;2021-12-09T03:43:28;5033
28;Blood;2022-06-28T17:43:28;5300
81;Breaker;2022-08-08T08:43:28;3698
69;Accidental Genius;2021-07-24T08:43:28;1770
27;Digital;2021-04-03T22:43:28;2279
11;Agony;2022-03-14T14:43:28;7283
25;Flagship Property;2022-04-30T23:43:28;6917
5;Arbitrage;2022-01-14T11:43:28;2959
30;Scalp;2021-11-27T23:43:28;1152
78;Lynch;2021-11-27T12:43:28;1790
89;Easy Sweep;2022-07-06T02:43:28;3981
70;Capital F;2021-04-25T15:43:28;2030
38;Titanium;2022-05-17T21:43:28;1230
12;Agrippa;2022-04-21T11:43:28;231
34;Cool Iris;2022-04-26T00:43:28;3449
20;Stream Elements;2021-05-26T10:43:28;2091
51;Sidewalk Enforcer;2022-08-03T23:43:28;6672
53;Bullet;2021-06-10T08:43:28;2177
25;Flagship Property;2021-12-12T21:43:28;4019
96;Cannon;2021-06-30T17:43:28;1448
67;Boar;2022-07-14T08:43:28;3974
59;Reed Lady;2022-08-10T10:43:28;3575
57;RoarSweetie;2021-09-24T22:43:28;9892
86;Dexter;2021-04-11T09:43:28;320
16;Amazon;2021-06-15T03:43:28;3659
63;Rubble;2022-03-30T12:43:28;5961
58;RedFeet;2022-07-01T01:43:28;2467
53;Bullet;2022-02-04T15:43:28;10436
74;Gut;2022-03-26T21:43:28;2229
85;Iron-Cut;2022-01-15T11:43:28;4552
91;Skull Crusher;2021-07-21T06:43:28;3470
90;Razor;2022-01-13T15:43:28;3225
55;Silver Stone;2022-01-15T22:43:28;4919
34;Cool Iris;2022-01-07T15:43:28;2820
14;Albatross;2021-12-30T22:43:28;4617
21;Core Philosophies;2021-04-15T11:43:28;2021
43;Manchu Man;2021-12-20T05:43:28;7622
40;Dug Funnie;2021-11-24T16:43:28;3637
52;Falcon;2021-11-05T04:43:28;5773
7;Alien;2021-06-24T17:43:28;441
72;Aspect;2021-09-16T00:43:28;1774
82;Wardon;2022-04-09T08:43:28;167
64;Snake;2021-09-06T00:43:28;4292
3;Annihilator;2022-05-12T13:43:28;1524
13;CargoKill;2022-07-02T23:43:28;4189
80;ScaryPumpkin;2022-07-13T19:43:28;3142
96;Cannon;2021-08-09T00:43:28;932
4;Anomaly;2021-07-04T18:43:28;1186
6;Team Arsenic;2021-08-04T02:43:28;3889
58;RedFeet;2021-06-15T14:43:28;829
27;Digital;2021-07-20T08:43:28;228
27;Digital;2022-02-12T09:43:28;1160
54;Knuckles;2022-02-27T01:43:28;324
25;Flagship Property;2021-04-10T13:43:28;5835
8;Abyss;2021-12-23T01:43:28;5580
78;Lynch;2022-05-24T16:43:28;1300
98;Footslam;2021-04-21T21:43:28;6176
46;Homely Sharpshooters;2021-07-04T19:43:28;4025
33;Jawbone;2021-11-04T21:43:28;3160
89;Easy Sweep;2021-07-15T12:43:28;4773
73;Tweek;2022-08-16T06:43:28;4200
26;Critical Role;2021-07-11T17:43:28;1492
90;Razor;2021-04-29T03:43:28;338
69;Accidental Genius;2021-04-13T11:43:28;2265
97;Doz Killer;2022-02-02T02:43:28;995
67;Boar;2022-05-24T09:43:28;4810
45;Anonymous Names;2021-08-27T08:43:28;835
66;Automatic Slicer;2021-07-06T08:43:28;1806
88;Schizo;2021-12-05T00:43:28;4489
22;Given Moment;2022-02-05T12:43:28;5079
74;Gut;2022-07-21T04:43:28;4459
9;CrazyBull;2021-05-14T15:43:28;5808
5;Arbitrage;2021-07-19T22:43:28;2077
98;Footslam;2022-05-10T17:43:28;4970
56;Roller Turtle;2021-04-29T23:43:28;2893
83;Bowie;2022-06-23T18:43:28;11556
93;Cannon;2021-11-13T06:43:28;11766
45;Anonymous Names;2021-05-18T15:43:28;3158
29;Sienna Princess;2022-06-05T02:43:28;8834
31;Sky Bully;2021-04-16T12:43:28;4110
11;Agony;2022-08-06T03:43:28;2332
33;Jawbone;2022-05-11T16:43:28;8425
21;Core Philosophies;2022-06-04T03:43:28;20
71;Ironsides;2021-10-14T08:43:28;5170
65;Hazzard;2022-04-18T21:43:28;2767
55;Silver Stone;2021-12-20T17:43:28;10499
54;Knuckles;2022-06-19T04:43:28;2284
12;Agrippa;2022-06-26T13:43:28;3852
93;Cannon;2022-05-26T03:43:28;1103
61;Kneecap;2021-10-19T18:43:28;4651
74;Gut;2021-05-27T08:43:28;515
51;Sidewalk Enforcer;2021-08-27T16:43:28;1339
56;Roller Turtle;2021-04-27T21:43:28;210
32;Steel Foil;2021-07-22T16:43:28;1599
85;Iron-Cut;2022-02-21T03:43:28;2380
14;Albatross;2021-08-09T11:43:28;7360
60;Sythe;2022-06-04T05:43:28;5119
46;Homely Sharpshooters;2021-11-02T18:43:28;515
61;Kneecap;2021-07-14T07:43:28;5844
27;Digital;2021-07-03T11:43:28;3603
17;New Ambush;2022-02-12T08:43:28;9196
96;Cannon;2022-03-22T19:43:28;2449
78;Lynch;2022-05-02T08:43:28;4133
56;Roller Turtle;2021-05-01T18:43:28;516
73;Tweek;2021-08-29T02:43:28;4135
21;Core Philosophies;2022-02-22T11:43:28;5374
88;Schizo;2022-02-04T03:43:28;1977
22;Given Moment;2021-06-22T09:43:28;4374
90;Razor;2021-05-19T08:43:28;7307
93;Cannon;2022-06-18T13:43:28;645
78;Lynch;2022-05-05T03:43:28;2122
1;My Arsenal;2022-08-05T18:43:28;2527
30;Scalp;2021-04-27T08:43:28;2347
80;ScaryPumpkin;2022-04-06T17:43:28;27
28;Blood;2022-06-10T07:43:28;369
79;Pursuit;2022-06-30T12:43:28;1151
81;Breaker;2022-01-12T22:43:28;3517
22;Given Moment;2021-07-05T13:43:28;1198
13;CargoKill;2022-02-08T01:43:28;5035
69;Accidental Genius;2022-05-03T08:43:28;2617
77;Geronimo;2022-07-31T06:43:28;1294
68;Devil Chick;2021-10-24T18:43:28;778
29;Sienna Princess;2021-09-08T22:43:28;5046
49;Bleed;2022-06-14T13:43:28;8955
88;Schizo;2022-03-19T01:43:28;4788
24;Trink;2022-05-21T13:43:28;2844
9;CrazyBull;2021-12-31T04:43:28;4570
9;CrazyBull;2021-07-06T16:43:28;4573
74;Gut;2021-11-25T05:43:28;3916
13;CargoKill;2022-01-09T09:43:28;2103
16;Amazon;2021-09-05T07:43:28;2317
84;Grizzly;2022-06-14T18:43:28;984
73;Tweek;2022-07-29T07:43:28;2563
16;Amazon;2021-08-03T16:43:28;2328
67;Boar;2022-02-06T02:43:28;2742
43;Manchu Man;2021-06-16T12:43:28;3103
64;Snake;2021-07-17T07:43:28;4487
7;Alien;2021-04-17T15:43:28;3877
38;Titanium;2022-07-10T06:43:28;976
2;The Armor;2022-07-04T17:43:28;1788
53;Bullet;2022-04-19T02:43:28;2659
64;Snake;2022-03-03T13:43:28;2433
3;Annihilator;2021-12-03T01:43:28;3391
19;Animus;2021-05-22T08:43:28;2709
63;Rubble;2022-01-17T23:43:28;3751
14;Albatross;2021-04-14T16:43:28;4724
62;Acid Gosling;2021-04-04T03:43:28;5815
66;Automatic Slicer;2022-05-23T17:43:28;3020
71;Ironsides;2021-10-20T07:43:28;818
17;New Ambush;2021-11-03T10:43:28;4478
43;Manchu Man;2022-07-27T00:43:28;6313
50;Fisheye;2022-04-19T09:43:28;4427
13;CargoKill;2022-06-23T07:43:28;4810
20;Stream Elements;2022-02-05T11:43:28;1995
65;Hazzard;2022-04-28T02:43:28;764
48;CobraBite;2022-03-10T12:43:28;839
36;Albatross;2022-07-17T04:43:28;1529
36;Albatross;2021-07-13T08:43:28;1971
59;Reed Lady;2022-04-16T02:43:28;4194
60;Sythe;2022-08-16T10:43:28;2558
87;Vulture;2021-06-09T01:43:28;794
92;Dark Horse;2021-08-01T13:43:28;3850
83;Bowie;2021-12-23T05:43:28;1266
6;Team Arsenic;2022-06-11T14:43:28;4057
29;Sienna Princess;2022-06-11T07:43:28;5823
98;Footslam;2022-02-01T08:43:28;8326
6;Team Arsenic;2022-07-25T01:43:28;879
88;Schizo;2022-02-27T11:43:28;931
96;Cannon;2022-03-05T07:43:28;3591
12;Agrippa;2021-07-23T08:43:28;2934
44;Mighty Mafia;2021-05-12T23:43:28;1979
70;Capital F;2021-10-29T09:43:28;4075
55;Silver Stone;2021-06-16T02:43:28;220
85;Iron-Cut;2021-12-02T13:43:28;5536
10;Agitator;2021-12-16T00:43:28;5425
91;Skull Crusher;2021-04-18T12:43:28;1284
12;Agrippa;2022-02-23T06:43:28;5820
72;Aspect;2022-07-10T13:43:28;4124
86;Dexter;2022-07-16T04:43:28;3497
56;Roller Turtle;2022-07-22T10:43:28;4272
10;Agitator;2021-04-22T04:43:28;3497
31;Sky Bully;2021-05-09T10:43:28;8763
40;Dug Funnie;2021-08-06T04:43:28;5458
90;Razor;2021-10-30T17:43:28;9063
58;RedFeet;2022-07-09T06:43:28;3578
4;Anomaly;2022-07-07T16:43:28;883
89;Easy Sweep;2022-06-07T21:43:28;7238
54;Knuckles;2022-02-14T15:43:28;4742
87;Vulture;2021-10-25T02:43:28;5674
37;Bad Bunny;2021-11-01T16:43:28;2737
73;Tweek;2022-07-31T01:43:28;9884
42;Harry Dotter;2022-05-31T13:43:28;4321
73;Tweek;2022-05-14T22:43:28;5908
98;Footslam;2022-07-13T13:43:28;2108
3;Annihilator;2021-09-05T01:43:28;540
2;The Armor;2022-06-03T08:43:28;3898
3;Annihilator;2022-04-25T01:43:28;5428
66;Automatic Slicer;2021-10-09T18:43:28;1621
55;Silver Stone;2022-06-27T01:43:28;2489
15;Amaretto;2021-06-27T12:43:28;5263
14;Albatross;2022-02-03T05:43:28;2866
19;Animus;2021-09-17T11:43:28;4229
84;Grizzly;2022-03-24T05:43:28;3444
80;ScaryPumpkin;2021-10-18T17:43:28;1206
63;Rubble;2021-11-10T04:43:28;5975
51;Sidewalk Enforcer;2021-05-23T12:43:28;1890
81;Breaker;2021-10-12T07:43:28;655
79;Pursuit;2022-04-21T09:43:28;1821
19;Animus;2021-05-02T21:43:28;1338
80;ScaryPumpkin;2022-04-21T18:43:28;2244
98;Footslam;2021-08-25T06:43:28;620
77;Geronimo;2022-07-07T17:43:28;2418
84;Grizzly;2021-08-23T08:43:28;4264
51;Sidewalk Enforcer;2022-02-04T19:43:28;4312
12;Agrippa;2021-12-04T23:43:28;5311
42;Harry Dotter;2021-05-24T14:43:28;955
29;Sienna Princess;2022-03-26T06:43:28;4657
74;Gut;2021-12-04T13:43:28;4902
42;Harry Dotter;2022-03-25T21:43:28;4947
12;Agrippa;2022-05-15T13:43:28;5377
28;Blood;2021-07-24T23:43:28;2973
90;Razor;2021-07-08T18:43:28;2037
46;Homely Sharpshooters;2022-02-24T23:43:28;8220
49;Bleed;2021-08-02T14:43:28;5255
74;Gut;2022-06-30T22:43:28;4848
26;Critical Role;2021-07-28T18:43:28;5602
15;Amaretto;2022-03-13T08:43:28;1346
41;Gunsly Bruce Lee;2022-03-20T15:43:28;6001
51;Sidewalk Enforcer;2021-09-15T03:43:28;1908
91;Skull Crusher;2021-04-19T16:43:28;2352
56;Roller Turtle;2022-04-14T05:43:28;11170
8;Abyss;2021-07-20T09:43:28;3730
60;Sythe;2021-12-01T01:43:28;186
38;Titanium;2022-06-16T09:43:28;5814
19;Animus;2021-09-19T22:43:28;3226
54;Knuckles;2022-04-14T18:43:28;5293
92;Dark Horse;2022-05-05T21:43:28;5757
94;Sniper;2022-04-01T19:43:28;743
70;Capital F;2021-12-24T22:43:28;10529
9;CrazyBull;2022-04-11T16:43:28;1335
98;Footslam;2021-07-03T07:43:28;5770
89;Easy Sweep;2021-05-23T18:43:28;10818
64;Snake;2021-07-31T02:43:28;2045
87;Vulture;2021-06-08T10:43:28;4760
7;Alien;2022-04-18T22:43:28;3032
49;Bleed;2021-08-30T18:43:28;6297
72;Aspect;2021-06-03T04:43:28;1798
56;Roller Turtle;2022-01-16T08:43:28;5905
44;Mighty Mafia;2021-05-07T23:43:28;1997
68;Devil Chick;2021-07-10T08:43:28;3353
50;Fisheye;2021-09-22T21:43:28;4366
92;Dark Horse;2021-08-14T12:43:28;4144
19;Animus;2022-07-10T00:43:28;2932
79;Pursuit;2021-06-05T14:43:28;3703
23;Relative Performance;2022-04-24T07:43:28;3681
73;Tweek;2022-03-25T18:43:28;8150
57;RoarSweetie;2021-09-04T06:43:28;999
14;Albatross;2021-06-10T13:43:28;2846
25;Flagship Property;2022-01-02T02:43:28;625
55;Silver Stone;2021-05-22T19:43:28;982
55;Silver Stone;2022-07-02T08:43:28;2479
68;Devil Chick;2021-04-10T15:43:28;401
94;Sniper;2021-10-29T02:43:28;3849
53;Bullet;2021-10-04T10:43:28;2941
76;Saint La-Z-Boy;2021-05-25T21:43:28;2586
91;Skull Crusher;2022-04-09T14:43:28;869
22;Given Moment;2022-05-06T01:43:28;3260
2;The Armor;2022-03-16T17:43:28;4660
16;Amazon;2022-02-09T01:43:28;1759
78;Lynch;2021-12-11T16:43:28;4029
42;Harry Dotter;2022-03-25T08:43:28;367
22;Given Moment;2021-12-28T18:43:28;2231
55;Silver Stone;2022-04-19T23:43:28;3625
87;Vulture;2021-12-14T14:43:28;3329
37;Bad Bunny;2021-10-09T00:43:28;2270
21;Core Philosophies;2022-07-10T11:43:28;7413
41;Gunsly Bruce Lee;2022-01-05T03:43:28;605
54;Knuckles;2021-12-29T19:43:28;4399
81;Breaker;2021-08-16T02:43:28;1428
12;Agrippa;2022-01-03T13:43:28;3875
44;Mighty Mafia;2021-10-26T23:43:28;5332
37;Bad Bunny;2022-06-28T16:43:28;3849
11;Agony;2021-08-25T23:43:28;5393
40;Dug Funnie;2021-12-26T08:43:28;2669
98;Footslam;2022-06-28T22:43:28;5067
6;Team Arsenic;2022-02-25T10:43:28;2966
97;Doz Killer;2021-10-17T02:43:28;5907
37;Bad Bunny;2021-11-03T15:43:28;1805
25;Flagship Property;2021-11-28T08:43:28;5506
54;Knuckles;2021-08-29T09:43:28;786
8;Abyss;2021-12-09T23:43:28;6319
92;Dark Horse;2021-11-27T09:43:28;4559
65;Hazzard;2022-07-23T04:43:28;960
63;Rubble;2021-08-26T14:43:28;3004
76;Saint La-Z-Boy;2022-05-08T03:43:28;881
55;Silver Stone;2022-01-26T18:43:28;5388
66;Automatic Slicer;2022-08-13T06:43:28;9333
89;Easy Sweep;2021-06-10T16:43:28;46
42;Harry Dotter;2021-11-01T05:43:28;1070
38;Titanium;2021-12-04T16:43:28;5095
72;Aspect;2021-12-03T00:43:28;3282
55;Silver Stone;2022-07-29T09:43:28;2337
80;ScaryPumpkin;2022-04-07T23:43:28;5190
79;Pursuit;2021-11-24T18:43:28;1568
72;Aspect;2022-06-22T04:43:28;1528
46;Homely Sharpshooters;2022-08-12T19:43:28;1036
66;Automatic Slicer;2021-09-05T00:43:28;1862
45;Anonymous Names;2021-04-10T11:43:28;911
37;Bad Bunny;2021-06-04T05:43:28;4910
30;Scalp;2022-06-27T11:43:28;1109
24;Trink;2021-11-04T03:43:28;1012
46;Homely Sharpshooters;2022-01-04T16:43:28;3353
60;Sythe;2021-04-10T05:43:28;8314
44;Mighty Mafia;2022-06-24T10:43:28;4204
87;Vulture;2021-04-25T23:43:28;49
83;Bowie;2021-06-29T18:43:28;3172
27;Digital;2021-11-07T04:43:28;1300
92;Dark Horse;2022-01-24T10:43:28;1527
90;Razor;2022-04-04T00:43:28;4394
48;CobraBite;2021-09-19T11:43:28;3535
11;Agony;2021-11-12T08:43:28;3923
14;Albatross;2022-02-28T16:43:28;4474
45;Anonymous Names;2021-11-11T03:43:28;776
46;Homely Sharpshooters;2021-06-23T12:43:28;2198
50;Fisheye;2022-01-06T21:43:28;69
58;RedFeet;2021-10-31T18:43:28;2373
39;Delivery Boy;2022-06-13T04:43:28;4240
96;Cannon;2022-05-21T11:43:28;5007
61;Kneecap;2021-08-31T02:43:28;788
20;Stream Elements;2021-11-11T17:43:28;573
28;Blood;2021-08-02T22:43:28;4361
73;Tweek;2022-04-17T18:43:28;4665
1;My Arsenal;2021-05-04T07:43:28;5406
49;Bleed;2021-11-06T17:43:28;5470
40;Dug Funnie;2022-04-22T06:43:28;346
19;Animus;2021-10-18T16:43:28;3489
65;Hazzard;2022-05-07T02:43:28;643
1;My Arsenal;2022-05-21T18:43:28;518
27;Digital;2021-12-06T06:43:28;3541
28;Blood;2022-02-06T16:43:28;1810
52;Falcon;2021-06-11T23:43:28;7943
53;Bullet;2021-04-08T11:43:28;7843
17;New Ambush;2022-05-15T06:43:28;3302
89;Easy Sweep;2021-11-03T15:43:28;4721
85;Iron-Cut;2022-01-24T03:43:28;5552
25;Flagship Property;2022-07-22T12:43:28;1842
45;Anonymous Names;2021-04-26T06:43:28;2937
40;Dug Funnie;2021-07-07T17:43:28;7758
7;Alien;2021-06-13T00:43:28;2115
45;Anonymous Names;2021-04-29T11:43:28;5343
85;Iron-Cut;2022-05-29T00:43:28;4443
50;Fisheye;2022-08-10T16:43:28;2177
38;Titanium;2022-01-09T23:43:28;3183
92;Dark Horse;2021-05-07T14:43:28;4874
76;Saint La-Z-Boy;2022-05-10T07:43:28;3196
28;Blood;2021-06-26T12:43:28;5539
74;Gut;2021-05-13T02:43:28;5552
58;RedFeet;2021-04-11T16:43:28;1549
43;Manchu Man;2022-02-28T00:43:28;5635
89;Easy Sweep;2022-04-11T17:43:28;751
35;Tusk;2021-05-02T01:43:28;3102
76;Saint La-Z-Boy;2021-04-18T12:43:28;3623
20;Stream Elements;2021-07-13T22:43:28;5811
6;Team Arsenic;2022-05-17T10:43:28;818
91;Skull Crusher;2021-09-19T21:43:28;2405
69;Accidental Genius;2021-12-22T19:43:28;1941
25;Flagship Property;2021-07-15T21:43:28;2614
75;Blister;2022-07-07T14:43:28;4415
23;Relative Performance;2022-02-06T23:43:28;2668
95;Darko;2022-03-20T16:43:28;1953
19;Animus;2022-07-22T05:43:28;4938
92;Dark Horse;2021-12-26T12:43:28;533
84;Grizzly;2021-05-08T23:43:28;11414
79;Pursuit;2021-05-25T09:43:28;4298
80;ScaryPumpkin;2022-06-13T01:43:28;3790
65;Hazzard;2021-08-06T09:43:28;1928
82;Wardon;2022-02-26T21:43:28;4721
61;Kneecap;2022-06-21T15:43:28;4499
53;Bullet;2021-11-15T21:43:28;4299
88;Schizo;2022-06-14T09:43:28;2043
97;Doz Killer;2021-10-05T23:43:28;2571
30;Scalp;2021-08-23T15:43:28;4886
33;Jawbone;2021-12-01T00:43:28;5862
18;Angon;2021-12-09T08:43:28;4519
63;Rubble;2022-08-04T06:43:28;4368
56;Roller Turtle;2021-08-19T12:43:28;4764
11;Agony;2021-09-22T04:43:28;3717
4;Anomaly;2021-11-19T19:43:28;4187
67;Boar;2021-09-28T21:43:28;1336
96;Cannon;2021-06-20T14:43:28;4343
48;CobraBite;2021-10-22T01:43:28;8108
11;Agony;2021-06-19T16:43:28;5700
19;Animus;2021-05-21T05:43:28;8583
68;Devil Chick;2021-08-11T15:43:28;4688
98;Footslam;2021-10-18T00:43:28;4657
87;Vulture;2021-07-05T16:43:28;5824
73;Tweek;2021-10-22T06:43:28;1234
23;Relative Performance;2022-07-18T12:43:28;2342
63;Rubble;2022-01-22T07:43:28;1163
81;Breaker;2021-05-16T12:43:28;3970
3;Annihilator;2022-04-09T21:43:28;4593
70;Capital F;2022-05-08T16:43:28;583
36;Albatross;2021-08-06T23:43:28;5672
76;Saint La-Z-Boy;2022-04-22T10:43:28;5103
81;Breaker;2021-09-19T02:43:28;2784
26;Critical Role;2021-07-03T18:43:28;1069
51;Sidewalk Enforcer;2021-10-10T04:43:28;4823
82;Wardon;2021-06-28T09:43:28;4007
96;Cannon;2021-05-28T21:43:28;10426
29;Sienna Princess;2022-05-29T11:43:28;7193
82;Wardon;2022-02-26T00:43:28;9504
55;Silver Stone;2022-07-15T19:43:28;2689
26;Critical Role;2021-11-12T07:43:28;5325
90;Razor;2022-07-07T17:43:28;4097
27;Digital;2021-07-19T05:43:28;5026
46;Homely Sharpshooters;2021-11-06T18:43:28;1448
10;Agitator;2021-11-23T01:43:28;4213
21;Core Philosophies;2021-06-20T08:43:28;7569
89;Easy Sweep;2021-12-31T22:43:28;11930
93;Cannon;2021-09-14T11:43:28;3468
9;CrazyBull;2021-11-01T06:43:28;3287
30;Scalp;2021-10-28T13:43:28;1887
37;Bad Bunny;2021-09-20T23:43:28;1454
1;My Arsenal;2022-07-02T11:43:28;5911
63;Rubble;2022-01-13T02:43:28;4087
5;Arbitrage;2022-04-17T15:43:28;9771
95;Darko;2021-10-15T21:43:28;10246
46;Homely Sharpshooters;2021-10-14T08:43:28;3576
16;Amazon;2021-11-23T04:43:28;278
37;Bad Bunny;2021-11-15T16:43:28;2261
81;Breaker;2021-04-17T07:43:28;11320
35;Tusk;2022-08-09T11:43:28;3120
65;Hazzard;2021-05-09T07:43:28;1900
46;Homely Sharpshooters;2021-06-01T11:43:28;2529
39;Delivery Boy;2022-08-01T23:43:28;5207
11;Agony;2022-06-02T19:43:28;1251
3;Annihilator;2022-03-08T08:43:28;820
83;Bowie;2021-06-10T09:43:28;10229
27;Digital;2021-12-13T08:43:28;5793
94;Sniper;2022-02-23T18:43:28;5907
95;Darko;2022-07-12T21:43:28;11307
73;Tweek;2022-08-09T18:43:28;702
11;Agony;2022-02-01T04:43:28;1103
10;Agitator;2021-04-26T16:43:28;5808
10;Agitator;2021-11-22T22:43:28;2770
27;Digital;2021-08-25T08:43:28;4666
67;Boar;2021-12-22T04:43:28;1294
94;Sniper;2022-06-08T14:43:28;5682
83;Bowie;2021-11-12T07:43:28;4153
83;Bowie;2021-04-26T14:43:28;834
89;Easy Sweep;2021-05-17T21:43:28;2355
73;Tweek;2022-07-07T15:43:28;1107
6;Team Arsenic;2022-03-07T04:43:28;137
30;Scalp;2021-11-10T10:43:28;3753
59;Reed Lady;2022-08-08T00:43:28;4477
40;Dug Funnie;2022-03-06T17:43:28;3115
60;Sythe;2022-07-23T07:43:28;792
26;Critical Role;2022-02-13T12:43:28;5751
35;Tusk;2021-07-11T08:43:28;5755
30;Scalp;2021-05-28T11:43:28;5053
41;Gunsly Bruce Lee;2022-07-03T05:43:28;311
2;The Armor;2022-01-17T09:43:28;3979
72;Aspect;2022-02-19T22:43:28;1627
21;Core Philosophies;2021-12-29T10:43:28;7159
15;Amaretto;2021-09-02T07:43:28;11675
38;Titanium;2021-10-09T12:43:28;2416
75;Blister;2022-06-12T04:43:28;5437
58;RedFeet;2021-11-09T13:43:28;3977
47;Investor Relations;2021-07-19T03:43:28;8825
42;Harry Dotter;2021-10-05T08:43:28;4204
91;Skull Crusher;2021-11-04T00:43:28;5798
53;Bullet;2022-01-08T09:43:28;4203
27;Digital;2021-07-05T23:43:28;5024
24;Trink;2021-12-12T15:43:28;2619
62;Acid Gosling;2022-01-05T21:43:28;3653
4;Anomaly;2021-07-17T09:43:28;299
58;RedFeet;2022-08-07T04:43:28;4445
44;Mighty Mafia;2022-02-25T18:43:28;5374
25;Flagship Property;2022-05-15T05:43:28;9567
57;RoarSweetie;2021-08-27T10:43:28;5173
63;Rubble;2021-10-28T21:43:28;941
87;Vulture;2022-01-22T17:43:28;2405
91;Skull Crusher;2021-12-06T23:43:28;5025
98;Footslam;2021-06-20T09:43:28;4478
51;Sidewalk Enforcer;2021-08-25T23:43:28;5541
40;Dug Funnie;2021-12-08T12:43:28;3251
52;Falcon;2021-10-11T02:43:28;4616
82;Wardon;2022-02-18T15:43:28;9861
46;Homely Sharpshooters;2021-10-18T02:43:28;2404
8;Abyss;2021-07-04T11:43:28;498
71;Ironsides;2022-06-20T21:43:28;1028
20;Stream Elements;2022-01-23T16:43:28;2212
94;Sniper;2022-04-16T06:43:28;840
53;Bullet;2022-05-23T17:43:28;3431
56;Roller Turtle;2022-07-16T23:43:28;5605
33;Jawbone;2022-08-15T18:43:28;3342
60;Sythe;2022-05-22T08:43:28;2285
68;Devil Chick;2021-08-03T19:43:28;11689
84;Grizzly;2022-02-11T03:43:28;3427
62;Acid Gosling;2022-05-19T13:43:28;5818
3;Annihilator;2021-04-17T05:43:28;4743
23;Relative Performance;2022-08-08T11:43:28;1
7;Alien;2021-11-16T05:43:28;1887
65;Hazzard;2022-05-12T10:43:28;1580
1;My Arsenal;2021-08-08T08:43:28;7352
90;Razor;2022-05-08T17:43:28;8299
70;Capital F;2022-03-25T08:43:28;4051
41;Gunsly Bruce Lee;2021-06-17T15:43:28;1954
66;Automatic Slicer;2021-08-02T08:43:28;9790
16;Amazon;2022-03-25T11:43:28;4726
80;ScaryPumpkin;2022-07-20T05:43:28;3056
74;Gut;2022-06-29T16:43:28;3059
83;Bowie;2021-12-15T01:43:28;2604
46;Homely Sharpshooters;2021-09-15T16:43:28;5152
69;Accidental Genius;2021-10-17T05:43:28;5163
40;Dug Funnie;2022-04-23T10:43:28;5737
48;CobraBite;2021-10-06T23:43:28;3372
9;CrazyBull;2021-10-14T16:43:28;7807
81;Breaker;2022-03-23T02:43:28;4649
13;CargoKill;2021-10-30T09:43:28;5675
43;Manchu Man;2021-05-12T02:43:28;3615
96;Cannon;2021-11-20T11:43:28;978
93;Cannon;2021-12-10T03:43:28;1639
91;Skull Crusher;2021-11-20T19:43:28;8109
85;Iron-Cut;2021-11-21T06:43:28;9355
62;Acid Gosling;2022-07-31T18:43:28;2036
38;Titanium;2022-06-28T21:43:28;5683
53;Bullet;2022-03-16T08:43:28;11613
52;Falcon;2021-10-19T23:43:28;5767
74;Gut;2022-03-29T16:43:28;1219
27;Digital;2022-07-30T23:43:28;1272
96;Cannon;2021-04-20T11:43:28;400
57;RoarSweetie;2021-04-08T05:43:28;9298
93;Cannon;2021-05-24T08:43:28;836
61;Kneecap;2021-07-31T02:43:28;5863
80;ScaryPumpkin;2021-09-17T09:43:28;5989
28;Blood;2022-01-01T21:43:28;4879
35;Tusk;2022-06-24T15:43:28;4873
18;Angon;2021-12-31T02:43:28;5058
97;Doz Killer;2021-06-08T12:43:28;5518
4;Anomaly;2021-12-03T22:43:28;2705
2;The Armor;2022-01-03T11:43:28;4394
64;Snake;2022-02-19T22:43:28;985
27;Digital;2021-08-13T12:43:28;5860
61;Kneecap;2021-04-30T22:43:28;1867
48;CobraBite;2021-07-27T16:43:28;2310
36;Albatross;2021-09-21T08:43:28;4560
74;Gut;2021-04-29T19:43:28;5896
57;RoarSweetie;2021-12-17T21:43:28;4341
92;Dark Horse;2021-07-20T11:43:28;7273
74;Gut;2022-06-28T07:43:28;4039
36;Albatross;2022-08-06T14:43:28;5904
92;Dark Horse;2021-04-18T07:43:28;5951
48;CobraBite;2021-11-28T18:43:28;1380
67;Boar;2021-08-23T23:43:28;380
75;Blister;2022-08-06T08:43:28;4310
44;Mighty Mafia;2021-04-26T06:43:28;11687
56;Roller Turtle;2022-07-03T09:43:28;3960
60;Sythe;2021-06-26T04:43:28;1104
5;Arbitrage;2021-06-05T12:43:28;3627
11;Agony;2022-04-08T08:43:28;409
60;Sythe;2022-05-03T16:43:28;5646
9;CrazyBull;2021-12-16T01:43:28;2076
37;Bad Bunny;2021-12-02T18:43:28;143
54;Knuckles;2021-10-03T03:43:28;4853
78;Lynch;2021-10-21T15:43:28;3876
36;Albatross;2021-10-31T21:43:28;899
54;Knuckles;2022-04-06T10:43:28;5048
98;Footslam;2022-06-12T03:43:28;11143
89;Easy Sweep;2021-10-24T15:43:28;3313
2;The Armor;2022-04-15T05:43:28;1787
65;Hazzard;2022-08-05T14:43:28;11652
65;Hazzard;2021-04-24T04:43:28;11148
64;Snake;2021-11-17T14:43:28;322
42;Harry Dotter;2022-06-13T05:43:28;4675
76;Saint La-Z-Boy;2021-04-11T16:43:28;1321
6;Team Arsenic;2022-08-13T21:43:28;4088
45;Anonymous Names;2022-05-28T08:43:28;11864
70;Capital F;2022-01-24T22:43:28;1279
34;Cool Iris;2022-01-04T10:43:28;1750
22;Given Moment;2021-08-18T23:43:28;1946
59;Reed Lady;2022-06-29T19:43:28;4649
5;Arbitrage;2022-05-01T21:43:28;3446
10;Agitator;2022-05-16T15:43:28;10506
4;Anomaly;2021-05-16T02:43:28;2912
32;Steel Foil;2021-08-24T15:43:28;6071
63;Rubble;2022-01-13T02:43:28;2649
83;Bowie;2021-05-18T10:43:28;4097
51;Sidewalk Enforcer;2021-07-09T22:43:28;1575
58;RedFeet;2022-08-09T15:43:28;2473
80;ScaryPumpkin;2022-07-20T03:43:28;1276
53;Bullet;2021-06-14T11:43:28;7448
5;Arbitrage;2021-07-22T08:43:28;1822
9;CrazyBull;2021-10-15T10:43:28;4049
47;Investor Relations;2021-12-04T02:43:28;2789
96;Cannon;2022-01-18T09:43:28;4913
82;Wardon;2022-05-06T03:43:28;4049
3;Annihilator;2021-11-01T13:43:28;2803
59;Reed Lady;2022-02-05T03:43:28;8881
28;Blood;2021-07-29T08:43:28;2309
93;Cannon;2021-07-30T07:43:28;5096
25;Flagship Property;2021-11-07T15:43:28;303
13;CargoKill;2021-10-13T05:43:28;2890
68;Devil Chick;2022-02-10T12:43:28;1312
16;Amazon;2022-04-20T03:43:28;4702
60;Sythe;2021-12-26T13:43:28;4575
69;Accidental Genius;2021-09-29T01:43:28;94
19;Animus;2021-10-03T15:43:28;715
56;Roller Turtle;2022-01-30T21:43:28;2352
22;Given Moment;2021-04-26T14:43:28;5309
27;Digital;2021-06-21T23:43:28;9423
97;Doz Killer;2022-04-25T13:43:28;1985
76;Saint La-Z-Boy;2021-08-23T01:43:28;3421
33;Jawbone;2022-03-19T11:43:28;1667
36;Albatross;2021-04-30T04:43:28;4632
93;Cannon;2021-08-18T15:43:28;4657
70;Capital F;2021-05-28T22:43:28;4559
90;Razor;2021-04-07T13:43:28;5260
79;Pursuit;2022-06-01T05:43:28;4445
22;Given Moment;2022-08-11T16:43:28;225
47;Investor Relations;2022-03-08T06:43:28;5314
61;Kneecap;2022-07-30T18:43:28;2631
69;Accidental Genius;2021-08-31T23:43:28;4466
70;Capital F;2022-06-25T18:43:28;2952
39;Delivery Boy;2021-09-20T08:43:28;708
90;Razor;2021-06-28T13:43:28;2297
18;Angon;2022-02-18T04:43:28;5975
93;Cannon;2021-09-06T08:43:28;3987
31;Sky Bully;2022-05-01T06:43:28;11355
77;Geronimo;2022-04-01T19:43:28;5882
92;Dark Horse;2021-06-11T02:43:28;3263
98;Footslam;2021-07-16T17:43:28;3830
22;Given Moment;2022-03-19T07:43:28;1333
51;Sidewalk Enforcer;2021-09-01T09:43:28;3730
93;Cannon;2022-07-30T02:43:28;5648
46;Homely Sharpshooters;2021-06-30T17:43:28;3922
92;Dark Horse;2021-09-25T03:43:28;5524
22;Given Moment;2022-05-21T13:43:28;3000
65;Hazzard;2021-12-15T03:43:28;7150
72;Aspect;2022-07-27T15:43:28;3200
58;RedFeet;2021-12-20T04:43:28;5081
83;Bowie;2022-08-08T16:43:28;3473
9;CrazyBull;2022-08-04T07:43:28;5019
6;Team Arsenic;2021-08-07T18:43:28;7793
22;Given Moment;2021-12-24T04:43:28;4853
33;Jawbone;2022-08-02T18:43:28;2069
28;Blood;2021-07-15T03:43:28;1267
11;Agony;2022-03-26T19:43:28;5046
15;Amaretto;2022-01-25T08:43:28;5582
11;Agony;2021-07-27T15:43:28;4946
87;Vulture;2022-07-03T22:43:28;10870
68;Devil Chick;2021-07-19T13:43:28;10102
47;Investor Relations;2022-05-13T05:43:28;4342
9;CrazyBull;2021-05-31T16:43:28;4331
80;ScaryPumpkin;2022-05-25T21:43:28;5452
51;Sidewalk Enforcer;2022-01-13T18:43:28;1731
41;Gunsly Bruce Lee;2021-05-01T01:43:28;2949
72;Aspect;2022-06-03T18:43:28;7418
4;Anomaly;2022-02-28T01:43:28;5508
3;Annihilator;2021-12-23T11:43:28;126
59;Reed Lady;2022-04-29T03:43:28;278
17;New Ambush;2021-12-10T10:43:28;1469
89;Easy Sweep;2022-06-19T08:43:28;635
55;Silver Stone;2022-04-03T10:43:28;175
88;Schizo;2022-06-10T04:43:28;10568
42;Harry Dotter;2021-12-03T11:43:28;6525
38;Titanium;2021-10-30T07:43:28;5067
18;Angon;2021-10-04T16:43:28;5544
29;Sienna Princess;2022-01-30T03:43:28;173
71;Ironsides;2022-04-21T12:43:28;6139
93;Cannon;2022-03-31T03:43:28;4958
44;Mighty Mafia;2021-09-17T15:43:28;2228
48;CobraBite;2022-08-12T06:43:28;1960
74;Gut;2022-08-03T16:43:28;10290
1;My Arsenal;2021-05-12T21:43:28;2994
7;Alien;2022-07-12T08:43:28;1443
35;Tusk;2021-08-18T04:43:28;8306
29;Sienna Princess;2021-11-26T19:43:28;5811
71;Ironsides;2021-07-03T06:43:28;1324
89;Easy Sweep;2021-04-24T12:43:28;1369
85;Iron-Cut;2022-02-09T08:43:28;4582
18;Angon;2021-09-30T15:43:28;4810
79;Pursuit;2022-03-03T08:43:28;513
51;Sidewalk Enforcer;2021-05-09T10:43:28;1488
46;Homely Sharpshooters;2021-11-05T22:43:28;993
73;Tweek;2022-06-17T17:43:28;3202
12;Agrippa;2021-06-12T05:43:28;4989
51;Sidewalk Enforcer;2022-05-30T11:43:28;6645
23;Relative Performance;2021-08-30T02:43:28;7528
88;Schizo;2021-10-06T18:43:28;2620
50;Fisheye;2021-12-16T23:43:28;4246
57;RoarSweetie;2022-05-10T14:43:28;10164
88;Schizo;2021-12-25T22:43:28;8326
65;Hazzard;2021-07-04T16:43:28;5149
34;Cool Iris;2022-07-04T21:43:28;2434
78;Lynch;2021-04-21T14:43:28;7501
61;Kneecap;2022-08-04T03:43:28;865
86;Dexter;2021-09-17T12:43:28;1554
57;RoarSweetie;2022-08-05T04:43:28;1580
6;Team Arsenic;2022-08-06T09:43:28;9009
36;Albatross;2021-07-27T00:43:28;5930
35;Tusk;2022-01-27T10:43:28;2591
23;Relative Performance;2021-06-21T22:43:28;3978
91;Skull Crusher;2021-10-22T13:43:28;2602
1;My Arsenal;2021-11-01T06:43:28;8204
68;Devil Chick;2022-08-04T18:43:28;2582
53;Bullet;2022-07-02T21:43:28;1999
15;Amaretto;2021-08-27T09:43:28;4708
66;Automatic Slicer;2021-08-22T03:43:28;547
48;CobraBite;2022-05-31T16:43:28;10046
16;Amazon;2021-11-19T07:43:28;7807
96;Cannon;2021-10-28T14:43:28;1232
40;Dug Funnie;2022-05-04T06:43:28;1129
11;Agony;2022-04-25T14:43:28;1743
89;Easy Sweep;2021-08-04T23:43:28;2713
21;Core Philosophies;2022-08-06T09:43:28;2362
8;Abyss;2022-01-01T03:43:28;4484
69;Accidental Genius;2022-07-28T11:43:28;2230
72;Aspect;2021-05-26T05:43:28;2992
95;Darko;2022-07-04T17:43:28;859
54;Knuckles;2022-06-16T03:43:28;4918
10;Agitator;2021-12-31T15:43:28;5449
16;Amazon;2021-05-01T22:43:28;540
31;Sky Bully;2022-03-03T12:43:28;5333
37;Bad Bunny;2022-06-22T00:43:28;4631
16;Amazon;2021-07-22T18:43:28;813
90;Razor;2022-05-21T04:43:28;377
36;Albatross;2022-07-23T14:43:28;2253
38;Titanium;2021-10-28T22:43:28;1866
52;Falcon;2021-10-06T13:43:28;11464
94;Sniper;2022-05-22T00:43:28;640
83;Bowie;2022-06-05T09:43:28;3269
2;The Armor;2022-04-29T04:43:28;1719
8;Abyss;2022-01-20T10:43:28;4017
90;Razor;2021-07-12T06:43:28;3954
94;Sniper;2021-12-10T14:43:28;3155
21;Core Philosophies;2022-05-17T00:43:28;1868
36;Albatross;2022-07-13T10:43:28;8522
19;Animus;2022-05-15T07:43:28;1089
79;Pursuit;2021-09-04T13:43:28;5556
45;Anonymous Names;2021-04-11T07:43:28;2639
75;Blister;2021-04-11T15:43:28;5012
75;Blister;2022-07-12T08:43:28;25
21;Core Philosophies;2021-10-10T18:43:28;5882
72;Aspect;2022-01-02T01:43:28;1517
69;Accidental Genius;2021-10-28T08:43:28;1339
69;Accidental Genius;2022-03-28T04:43:28;7551
92;Dark Horse;2021-11-18T15:43:28;10621
59;Reed Lady;2021-10-19T06:43:28;2005
84;Grizzly;2021-04-18T13:43:28;5256
92;Dark Horse;2021-09-10T03:43:28;5058
25;Flagship Property;2021-08-28T14:43:28;45
10;Agitator;2021-06-24T21:43:28;1541
74;Gut;2021-09-18T12:43:28;5858
61;Kneecap;2022-04-25T00:43:28;5832
42;Harry Dotter;2021-04-21T11:43:28;2292
50;Fisheye;2021-08-02T02:43:28;10097
34;Cool Iris;2022-03-05T18:43:28;8509
66;Automatic Slicer;2022-04-04T04:43:28;5302
59;Reed Lady;2022-05-07T14:43:28;8058
68;Devil Chick;2021-07-11T02:43:28;5465
5;Arbitrage;2021-06-06T18:43:28;2196
18;Angon;2021-10-22T03:43:28;4541
16;Amazon;2021-04-29T15:43:28;3237
89;Easy Sweep;2022-06-03T03:43:28;3615
92;Dark Horse;2021-08-09T11:43:28;1031
66;Automatic Slicer;2022-01-05T06:43:28;10402
88;Schizo;2021-11-06T09:43:28;5049
11;Agony;2022-08-13T06:43:28;728
48;CobraBite;2022-03-30T08:43:28;5842
61;Kneecap;2021-10-24T05:43:28;3005
52;Falcon;2022-07-10T13:43:28;2894
29;Sienna Princess;2022-08-03T05:43:28;3906
8;Abyss;2021-06-23T17:43:28;2010
96;Cannon;2022-01-04T00:43:28;7200
10;Agitator;2021-05-31T12:43:28;1738
43;Manchu Man;2022-03-15T08:43:28;10687
39;Delivery Boy;2021-09-05T17:43:28;674
71;Ironsides;2021-05-20T07:43:28;9503
2;The Armor;2022-05-19T08:43:28;10759
76;Saint La-Z-Boy;2022-05-23T03:43:28;5909
79;Pursuit;2021-05-05T13:43:28;2480
68;Devil Chick;2021-05-28T04:43:28;4929
95;Darko;2021-09-13T15:43:28;5957
85;Iron-Cut;2021-08-26T21:43:28;5332
36;Albatross;2022-06-24T10:43:28;629
46;Homely Sharpshooters;2021-09-01T03:43:28;792
94;Sniper;2021-07-28T19:43:28;2538
26;Critical Role;2021-07-25T00:43:28;1938
89;Easy Sweep;2021-07-08T14:43:28;11412
23;Relative Performance;2021-04-17T05:43:28;3223
9;CrazyBull;2022-08-07T18:43:28;3118
1;My Arsenal;2021-04-06T07:43:28;320
71;Ironsides;2021-05-05T13:43:28;3612
93;Cannon;2022-07-17T23:43:28;5950
85;Iron-Cut;2021-04-04T10:43:28;4892
82;Wardon;2021-07-18T23:43:28;1769
92;Dark Horse;2022-07-20T13:43:28;4901
19;Animus;2022-06-06T00:43:28;4148
80;ScaryPumpkin;2022-02-15T11:43:28;7637
5;Arbitrage;2022-05-01T23:43:28;5508
8;Abyss;2022-01-16T15:43:28;329
30;Scalp;2021-09-20T08:43:28;1288
37;Bad Bunny;2021-10-15T18:43:28;10801
61;Kneecap;2022-04-29T04:43:28;3608
73;Tweek;2021-07-26T12:43:28;517
26;Critical Role;2021-07-02T22:43:28;4337
77;Geronimo;2022-07-24T09:43:28;2285
91;Skull Crusher;2022-01-12T07:43:28;5746
35;Tusk;2021-10-24T16:43:28;5171
41;Gunsly Bruce Lee;2021-12-05T01:43:28;2136
27;Digital;2022-07-19T18:43:28;11529
77;Geronimo;2022-06-18T22:43:28;4096
85;Iron-Cut;2021-10-21T09:43:28;5944
51;Sidewalk Enforcer;2021-07-15T06:43:28;995
21;Core Philosophies;2022-03-30T18:43:28;1664
10;Agitator;2021-05-04T06:43:28;3534
58;RedFeet;2021-12-05T18:43:28;1640
78;Lynch;2022-07-25T08:43:28;2287
22;Given Moment;2021-06-12T18:43:28;9251
44;Mighty Mafia;2022-01-23T04:43:28;4091
3;Annihilator;2021-05-30T17:43:28;4623
97;Doz Killer;2021-07-30T02:43:28;332
91;Skull Crusher;2022-05-08T16:43:28;2169
64;Snake;2021-11-28T00:43:28;480
95;Darko;2022-01-18T12:43:28;1543
36;Albatross;2021-08-15T07:43:28;791
84;Grizzly;2021-06-09T13:43:28;3034
38;Titanium;2021-11-16T08:43:28;597
16;Amazon;2022-07-08T15:43:28;1127
31;Sky Bully;2022-07-07T05:43:28;2607
37;Bad Bunny;2021-11-15T13:43:28;7438
17;New Ambush;2022-06-21T23:43:28;5762
69;Accidental Genius;2021-04-06T09:43:28;1705
54;Knuckles;2022-02-01T01:43:28;2284
36;Albatross;2021-09-15T09:43:28;5543
41;Gunsly Bruce Lee;2021-08-23T21:43:28;4819
33;Jawbone;2022-05-31T11:43:28;1226
32;Steel Foil;2021-08-05T21:43:28;549
47;Investor Relations;2022-06-27T18:43:28;2213
32;Steel Foil;2022-04-30T23:43:28;459
86;Dexter;2021-07-09T12:43:28;3108
40;Dug Funnie;2021-10-17T04:43:28;3297
28;Blood;2022-06-08T18:43:28;2708
24;Trink;2021-12-04T21:43:28;10102
59;Reed Lady;2022-04-10T14:43:28;4090
27;Digital;2021-06-23T03:43:28;9797
26;Critical Role;2022-08-13T12:43:28;2623
9;CrazyBull;2021-11-08T08:43:28;10769
49;Bleed;2021-09-29T19:43:28;302
90;Razor;2021-07-15T02:43:28;4425
34;Cool Iris;2021-09-18T17:43:28;2687
36;Albatross;2021-10-17T04:43:28;31
92;Dark Horse;2022-01-12T12:43:28;657
54;Knuckles;2022-03-31T06:43:28;1165
85;Iron-Cut;2022-08-04T11:43:28;6565
98;Footslam;2021-11-22T04:43:28;9110
49;Bleed;2022-07-24T12:43:28;10522
30;Scalp;2021-08-22T08:43:28;2054
54;Knuckles;2022-07-27T14:43:28;1556
59;Reed Lady;2021-05-24T23:43:28;7485
10;Agitator;2022-07-09T10:43:28;293
90;Razor;2022-08-14T04:43:28;751
51;Sidewalk Enforcer;2021-10-29T17:43:28;2876
44;Mighty Mafia;2021-04-08T08:43:28;2198
7;Alien;2022-08-01T09:43:28;2618
65;Hazzard;2021-09-25T02:43:28;623
67;Boar;2021-10-31T13:43:28;425
15;Amaretto;2022-01-23T04:43:28;4034
18;Angon;2022-01-31T19:43:28;2435
5;Arbitrage;2022-03-14T01:43:28;1798
32;Steel Foil;2022-07-31T08:43:28;682
26;Critical Role;2022-01-17T00:43:28;656
85;Iron-Cut;2022-03-20T15:43:28;4712
36;Albatross;2022-05-24T22:43:28;10463
75;Blister;2021-10-29T19:43:28;2510
3;Annihilator;2022-07-14T02:43:28;5265
72;Aspect;2021-09-22T16:43:28;4204
35;Tusk;2021-12-14T03:43:28;940
91;Skull Crusher;2021-10-24T16:43:28;1247
83;Bowie;2021-11-28T03:43:28;3444
34;Cool Iris;2022-06-12T18:43:28;5267
20;Stream Elements;2021-11-27T06:43:28;1985
2;The Armor;2021-04-24T09:43:28;1527
60;Sythe;2022-02-07T07:43:28;1464
14;Albatross;2021-06-15T09:43:28;5018
47;Investor Relations;2022-07-09T05:43:28;3870
16;Amazon;2021-11-16T17:43:28;1386
28;Blood;2022-05-10T08:43:28;4033
44;Mighty Mafia;2022-07-06T10:43:28;4936
30;Scalp;2022-01-12T01:43:28;5140
10;Agitator;2021-04-20T12:43:28;1930
95;Darko;2022-03-19T22:43:28;657
67;Boar;2021-07-10T16:43:28;4053
14;Albatross;2021-06-09T00:43:28;3266
72;Aspect;2021-12-11T08:43:28;9726
42;Harry Dotter;2022-06-28T21:43:28;5915
79;Pursuit;2021-12-28T16:43:28;6238
59;Reed Lady;2021-10-19T07:43:28;5292
32;Steel Foil;2022-02-11T13:43:28;3788
32;Steel Foil;2022-08-10T05:43:28;9093
32;Steel Foil;2021-07-22T14:43:28;147
96;Cannon;2021-12-03T06:43:28;921
11;Agony;2021-10-22T16:43:28;2208
37;Bad Bunny;2022-05-05T04:43:28;10205
88;Schizo;2022-03-04T17:43:28;845
93;Cannon;2021-11-11T04:43:28;5296
49;Bleed;2021-09-26T11:43:28;5361
45;Anonymous Names;2021-09-17T23:43:28;5404
3;Annihilator;2021-07-06T08:43:28;5452
94;Sniper;2022-07-04T21:43:28;5957
83;Bowie;2022-05-21T10:43:28;11144
40;Dug Funnie;2022-04-08T06:43:28;446
70;Capital F;2021-12-14T15:43:28;4881
3;Annihilator;2022-04-12T21:43:28;6404
97;Doz Killer;2022-08-15T18:43:28;1989
8;Abyss;2022-07-06T00:43:28;1002
71;Ironsides;2021-04-28T17:43:28;2226
44;Mighty Mafia;2022-01-30T01:43:28;4783
32;Steel Foil;2021-10-01T18:43:28;4822
38;Titanium;2021-12-11T21:43:28;2513
60;Sythe;2021-08-06T15:43:28;3007
46;Homely Sharpshooters;2021-06-17T07:43:28;3334
93;Cannon;2021-06-13T18:43:28;5572
14;Albatross;2022-06-13T02:43:28;18
88;Schizo;2022-07-12T15:43:28;2112
40;Dug Funnie;2021-07-10T08:43:28;5130
92;Dark Horse;2022-01-11T12:43:28;2740
5;Arbitrage;2022-02-23T00:43:28;1153
59;Reed Lady;2021-10-17T09:43:28;3210
36;Albatross;2021-11-01T05:43:28;7840
91;Skull Crusher;2022-01-22T12:43:28;1847
3;Annihilator;2022-05-24T05:43:28;11331
64;Snake;2021-11-12T16:43:28;2327
93;Cannon;2022-03-28T07:43:28;3539
66;Automatic Slicer;2022-04-06T16:43:28;1558
27;Digital;2021-05-10T21:43:28;4136
6;Team Arsenic;2021-12-20T16:43:28;1386
53;Bullet;2021-07-06T03:43:28;2472
13;CargoKill;2021-11-22T14:43:28;5445
83;Bowie;2022-07-02T03:43:28;1345
52;Falcon;2021-09-30T12:43:28;5680
26;Critical Role;2022-03-03T02:43:28;10445
38;Titanium;2021-07-18T10:43:28;4315
4;Anomaly;2022-05-01T07:43:28;5890
20;Stream Elements;2022-03-26T19:43:28;411
11;Agony;2021-09-12T06:43:28;8379
22;Given Moment;2021-04-12T13:43:28;2874
8;Abyss;2021-11-24T21:43:28;2553
29;Sienna Princess;2021-04-13T16:43:28;2846
12;Agrippa;2022-05-12T23:43:28;301
86;Dexter;2022-07-16T08:43:28;4311
53;Bullet;2021-09-29T08:43:28;1762
19;Animus;2021-05-06T15:43:28;1712
5;Arbitrage;2022-04-03T01:43:28;3063
64;Snake;2021-10-31T09:43:28;1875
32;Steel Foil;2021-11-05T05:43:28;973
17;New Ambush;2021-10-22T08:43:28;2684
1;My Arsenal;2021-06-27T08:43:28;597
44;Mighty Mafia;2022-08-01T17:43:28;5802
8;Abyss;2022-03-19T08:43:28;3852
60;Sythe;2022-03-30T08:43:28;2446
18;Angon;2022-01-25T05:43:28;2088
82;Wardon;2021-07-22T13:43:28;879
76;Saint La-Z-Boy;2021-09-02T22:43:28;1825
39;Delivery Boy;2021-08-08T15:43:28;2748
87;Vulture;2022-01-19T04:43:28;3954
52;Falcon;2022-01-10T08:43:28;3439
60;Sythe;2022-02-21T21:43:28;10010
93;Cannon;2021-08-22T15:43:28;1081
53;Bullet;2022-01-29T21:43:28;2354
21;Core Philosophies;2021-08-31T12:43:28;591
15;Amaretto;2021-11-23T08:43:28;1235
68;Devil Chick;2021-05-22T15:43:28;7047
59;Reed Lady;2022-01-19T06:43:28;5616
91;Skull Crusher;2021-05-01T15:43:28;2749
38;Titanium;2021-07-20T00:43:28;2443
26;Critical Role;2021-09-12T13:43:28;698
91;Skull Crusher;2022-07-07T07:43:28;166
74;Gut;2021-06-14T09:43:28;1922
45;Anonymous Names;2021-09-04T04:43:28;2527
62;Acid Gosling;2022-03-06T16:43:28;4597
19;Animus;2021-11-29T02:43:28;9876
72;Aspect;2022-01-28T12:43:28;248
24;Trink;2022-04-25T01:43:28;2957
71;Ironsides;2021-10-22T09:43:28;4198
27;Digital;2022-08-12T23:43:28;3564
59;Reed Lady;2021-06-05T17:43:28;3594
48;CobraBite;2022-01-24T04:43:28;5085
48;CobraBite;2022-08-06T15:43:28;3017
96;Cannon;2021-05-16T04:43:28;828
30;Scalp;2022-04-05T17:43:28;5831
51;Sidewalk Enforcer;2021-11-06T05:43:28;398
51;Sidewalk Enforcer;2021-09-19T13:43:28;1524
61;Kneecap;2022-06-22T08:43:28;5629
16;Amazon;2021-12-01T19:43:28;957
13;CargoKill;2021-10-24T00:43:28;2552
2;The Armor;2022-08-10T14:43:28;3109
4;Anomaly;2021-07-05T05:43:28;2183
62;Acid Gosling;2021-09-11T08:43:28;8320
72;Aspect;2021-09-04T02:43:28;1468
36;Albatross;2021-10-18T18:43:28;1585
57;RoarSweetie;2022-04-05T03:43:28;1180
29;Sienna Princess;2021-05-21T15:43:28;9484
49;Bleed;2022-03-21T22:43:28;4895
84;Grizzly;2022-05-08T15:43:28;3790
2;The Armor;2021-12-12T08:43:28;753
78;Lynch;2022-01-22T10:43:28;336
56;Roller Turtle;2021-08-06T08:43:28;5689
15;Amaretto;2022-04-26T18:43:28;9025
15;Amaretto;2022-02-07T05:43:28;1302
82;Wardon;2022-06-24T18:43:28;345
93;Cannon;2022-03-02T01:43:28;3925
93;Cannon;2021-04-26T15:43:28;1698
56;Roller Turtle;2022-06-04T07:43:28;5170
41;Gunsly Bruce Lee;2021-04-10T15:43:28;739
52;Falcon;2022-04-12T06:43:28;4992
27;Digital;2021-11-04T11:43:28;5544
24;Trink;2021-10-01T03:43:28;2743
62;Acid Gosling;2022-08-14T10:43:28;3810
57;RoarSweetie;2021-12-07T05:43:28;651
86;Dexter;2022-05-31T14:43:28;5093
75;Blister;2022-05-25T22:43:28;3310
23;Relative Performance;2022-01-20T13:43:28;675
79;Pursuit;2022-06-10T01:43:28;3610
81;Breaker;2021-04-06T11:43:28;4328
79;Pursuit;2022-06-23T21:43:28;4319
11;Agony;2021-09-06T19:43:28;2610
45;Anonymous Names;2022-01-06T03:43:28;2837
78;Lynch;2022-01-08T15:43:28;8561
22;Given Moment;2022-02-22T03:43:28;9678
15;Amaretto;2022-07-10T13:43:28;2705
47;Investor Relations;2021-11-24T00:43:28;3289
3;Annihilator;2022-03-10T16:43:28;5572
6;Team Arsenic;2022-04-03T01:43:28;2044
55;Silver Stone;2021-10-02T11:43:28;215
16;Amazon;2022-08-01T21:43:28;4979
34;Cool Iris;2021-08-30T13:43:28;5690
3;Annihilator;2021-06-24T02:43:28;3075
24;Trink;2022-03-07T14:43:28;1168
78;Lynch;2021-12-12T05:43:28;1969
65;Hazzard;2021-07-05T16:43:28;8873
82;Wardon;2022-02-17T06:43:28;4305
1;My Arsenal;2021-07-03T14:43:28;1876
67;Boar;2022-08-13T01:43:28;4415
55;Silver Stone;2021-05-06T15:43:28;4491
31;Sky Bully;2022-01-30T23:43:28;346
65;Hazzard;2021-10-30T13:43:28;1384
54;Knuckles;2022-05-20T00:43:28;4359
57;RoarSweetie;2021-07-14T18:43:28;2733
33;Jawbone;2021-04-15T08:43:28;5382
18;Angon;2021-08-10T10:43:28;4361
11;Agony;2022-01-21T04:43:28;10531
26;Critical Role;2022-04-07T08:43:28;320
28;Blood;2022-06-02T23:43:28;940
43;Manchu Man;2021-04-19T12:43:28;5532
46;Homely Sharpshooters;2021-04-21T03:43:28;459
27;Digital;2022-05-17T15:43:28;1040
47;Investor Relations;2021-10-23T07:43:28;5578
12;Agrippa;2021-07-06T17:43:28;4129
82;Wardon;2021-08-17T00:43:28;5765
66;Automatic Slicer;2021-11-27T09:43:28;1771
74;Gut;2021-09-21T01:43:28;4428
75;Blister;2021-04-28T17:43:28;5754
30;Scalp;2022-07-18T07:43:28;11664
35;Tusk;2021-05-19T14:43:28;1853
34;Cool Iris;2021-06-29T07:43:28;518
28;Blood;2021-09-17T08:43:28;384
58;RedFeet;2021-11-27T07:43:28;4280
15;Amaretto;2021-10-31T16:43:28;4246
22;Given Moment;2021-04-17T01:43:28;1111
3;Annihilator;2021-04-08T18:43:28;4793
53;Bullet;2021-04-28T05:43:28;2188
80;ScaryPumpkin;2021-04-23T10:43:28;964
48;CobraBite;2021-12-15T05:43:28;4190
10;Agitator;2022-01-07T14:43:28;6810
97;Doz Killer;2022-06-28T00:43:28;1909
27;Digital;2021-08-13T11:43:28;2822
77;Geronimo;2022-03-13T22:43:28;4405
54;Knuckles;2022-07-31T12:43:28;5927
65;Hazzard;2022-07-26T22:43:28;4791
82;Wardon;2021-07-01T14:43:28;1314
21;Core Philosophies;2022-02-24T22:43:28;4717
19;Animus;2022-04-13T14:43:28;3579
48;CobraBite;2022-04-18T02:43:28;9906
38;Titanium;2021-12-20T16:43:28;141
42;Harry Dotter;2021-11-18T02:43:28;4712
59;Reed Lady;2021-10-21T19:43:28;4468
30;Scalp;2022-06-28T01:43:28;4238
51;Sidewalk Enforcer;2021-04-25T19:43:28;1944
97;Doz Killer;2021-07-19T07:43:28;10489
52;Falcon;2022-06-19T18:43:28;1338
62;Acid Gosling;2021-12-16T23:43:28;643
69;Accidental Genius;2021-06-23T08:43:28;3683
63;Rubble;2022-03-27T23:43:28;3516
14;Albatross;2022-02-20T19:43:28;5839
57;RoarSweetie;2021-05-21T01:43:28;5921
36;Albatross;2022-05-30T09:43:28;2787
58;RedFeet;2021-12-25T08:43:28;2193
35;Tusk;2021-08-28T10:43:28;5163
89;Easy Sweep;2022-01-16T00:43:28;2996
28;Blood;2022-03-15T18:43:28;1082
41;Gunsly Bruce Lee;2022-02-26T07:43:28;1501
25;Flagship Property;2021-08-06T11:43:28;1299
72;Aspect;2021-09-27T23:43:28;3540
39;Delivery Boy;2022-05-30T17:43:28;4389
56;Roller Turtle;2021-06-08T03:43:28;223
78;Lynch;2021-06-05T17:43:28;2001
92;Dark Horse;2021-05-05T07:43:28;6395
59;Reed Lady;2022-03-28T19:43:28;3757
93;Cannon;2022-05-12T23:43:28;6866
3;Annihilator;2021-06-03T09:43:28;3042
93;Cannon;2021-12-20T02:43:28;5281
30;Scalp;2022-01-22T17:43:28;30
6;Team Arsenic;2022-05-13T01:43:28;2907
65;Hazzard;2022-02-07T13:43:28;535
15;Amaretto;2021-06-14T05:43:28;764
82;Wardon;2021-12-09T18:43:28;3298
41;Gunsly Bruce Lee;2021-04-06T06:43:28;1053
68;Devil Chick;2021-11-29T17:43:28;5254
1;My Arsenal;2022-01-19T23:43:28;2999
80;ScaryPumpkin;2022-04-08T12:43:28;5032
73;Tweek;2022-05-03T22:43:28;622
86;Dexter;2022-02-08T08:43:28;4589
33;Jawbone;2022-03-29T01:43:28;1192
8;Abyss;2022-08-01T14:43:28;4507
82;Wardon;2022-08-04T07:43:28;3662
89;Easy Sweep;2021-09-16T15:43:28;999
60;Sythe;2021-12-19T21:43:28;3995
53;Bullet;2022-05-04T12:43:28;3669
46;Homely Sharpshooters;2022-03-03T21:43:28;4352
78;Lynch;2021-09-11T10:43:28;772
21;Core Philosophies;2021-07-11T05:43:28;5651
11;Agony;2022-01-17T11:43:28;5579
94;Sniper;2022-01-06T01:43:28;11131
47;Investor Relations;2021-07-01T13:43:28;4731
59;Reed Lady;2022-05-06T22:43:28;4441
89;Easy Sweep;2022-03-28T09:43:28;11373
54;Knuckles;2021-05-16T01:43:28;2974
43;Manchu Man;2021-05-05T09:43:28;2927
31;Sky Bully;2022-01-02T00:43:28;3178
46;Homely Sharpshooters;2022-04-12T13:43:28;112
29;Sienna Princess;2022-01-05T05:43:28;2981
28;Blood;2022-07-31T19:43:28;11692
76;Saint La-Z-Boy;2021-06-24T00:43:28;5882
26;Critical Role;2022-05-13T13:43:28;7448
46;Homely Sharpshooters;2021-12-25T05:43:28;2200
10;Agitator;2022-01-31T18:43:28;4275
50;Fisheye;2022-04-21T02:43:28;1214
6;Team Arsenic;2022-01-14T13:43:28;3799
7;Alien;2021-12-24T21:43:28;6420
49;Bleed;2022-08-07T18:43:28;2530
87;Vulture;2022-02-25T01:43:28;2315
40;Dug Funnie;2021-08-09T08:43:28;278
82;Wardon;2021-09-16T06:43:28;5872
30;Scalp;2022-06-22T08:43:28;5028
80;ScaryPumpkin;2021-06-11T06:43:28;2932
17;New Ambush;2021-05-03T10:43:28;6087
70;Capital F;2021-08-03T21:43:28;3602
63;Rubble;2022-04-09T13:43:28;5075
97;Doz Killer;2022-05-11T22:43:28;2004
25;Flagship Property;2021-04-20T16:43:28;2074
82;Wardon;2021-07-12T04:43:28;5804
80;ScaryPumpkin;2021-08-27T19:43:28;3916
37;Bad Bunny;2021-08-30T04:43:28;4269
6;Team Arsenic;2022-06-21T18:43:28;4855
98;Footslam;2022-03-12T21:43:28;5180
5;Arbitrage;2022-01-27T09:43:28;8942
68;Devil Chick;2021-07-22T05:43:28;4798
82;Wardon;2021-11-14T16:43:28;2823
48;CobraBite;2021-09-08T00:43:28;1075
19;Animus;2021-05-16T10:43:28;10612
5;Arbitrage;2021-04-08T02:43:28;2229
7;Alien;2022-05-30T09:43:28;5967
72;Aspect;2021-09-15T04:43:28;5319
27;Digital;2022-07-05T13:43:28;3850
21;Core Philosophies;2021-09-29T23:43:28;3425
60;Sythe;2021-06-26T16:43:28;5455
39;Delivery Boy;2022-08-04T05:43:28;195
89;Easy Sweep;2022-06-22T11:43:28;4481
40;Dug Funnie;2022-01-20T21:43:28;5836
49;Bleed;2022-07-13T09:43:28;1018
22;Given Moment;2022-07-27T05:43:28;4679
29;Sienna Princess;2021-08-22T19:43:28;4673
7;Alien;2021-11-01T23:43:28;2144
1;My Arsenal;2021-04-26T16:43:28;650
32;Steel Foil;2021-06-22T07:43:28;3056
62;Acid Gosling;2022-04-13T15:43:28;4827
41;Gunsly Bruce Lee;2022-03-13T05:43:28;3560
63;Rubble;2021-10-21T17:43:28;4040
54;Knuckles;2021-08-20T23:43:28;5311
7;Alien;2022-03-22T18:43:28;4163
27;Digital;2022-05-25T22:43:28;2044
48;CobraBite;2022-05-02T14:43:28;5439
67;Boar;2021-10-14T23:43:28;2713
14;Albatross;2021-08-17T19:43:28;3546
91;Skull Crusher;2022-04-06T02:43:28;242
74;Gut;2022-02-22T17:43:28;2921
27;Digital;2021-05-06T08:43:28;5469
33;Jawbone;2022-05-26T13:43:28;5265
80;ScaryPumpkin;2022-02-28T23:43:28;2721
5;Arbitrage;2021-10-04T15:43:28;3148
86;Dexter;2021-07-17T21:43:28;5198
63;Rubble;2021-06-29T19:43:28;2783
40;Dug Funnie;2022-08-15T23:43:28;5869
39;Delivery Boy;2022-01-18T12:43:28;586
77;Geronimo;2022-05-19T04:43:28;1081
59;Reed Lady;2021-06-18T09:43:28;7830
29;Sienna Princess;2021-06-17T02:43:28;9315
97;Doz Killer;2022-06-03T14:43:28;1566
46;Homely Sharpshooters;2022-04-30T00:43:28;302
68;Devil Chick;2021-07-17T16:43:28;8271
69;Accidental Genius;2021-09-25T00:43:28;380
23;Relative Performance;2022-06-30T13:43:28;7073
39;Delivery Boy;2021-12-18T05:43:28;4041
36;Albatross;2022-02-21T17:43:28;8707
32;Steel Foil;2021-09-07T04:43:28;5527
91;Skull Crusher;2022-01-17T10:43:28;5510
7;Alien;2021-09-10T04:43:28;41
88;Schizo;2022-07-12T08:43:28;4094
88;Schizo;2021-05-13T00:43:28;1826
91;Skull Crusher;2022-02-14T14:43:28;5310
39;Delivery Boy;2022-01-19T04:43:28;3361
66;Automatic Slicer;2021-10-05T09:43:28;1369
45;Anonymous Names;2021-09-08T03:43:28;3375
56;Roller Turtle;2021-06-29T12:43:28;2201
82;Wardon;2021-09-02T04:43:28;10373
15;Amaretto;2021-08-23T15:43:28;529
6;Team Arsenic;2021-08-11T00:43:28;1109
21;Core Philosophies;2021-09-30T17:43:28;3663
34;Cool Iris;2022-04-15T07:43:28;4727
86;Dexter;2022-07-09T17:43:28;3724
35;Tusk;2022-07-07T07:43:28;3641
55;Silver Stone;2021-04-15T18:43:28;11648
41;Gunsly Bruce Lee;2021-06-27T05:43:28;5046
64;Snake;2021-09-28T17:43:28;1256
63;Rubble;2022-01-15T07:43:28;2158
85;Iron-Cut;2021-04-17T11:43:28;694
43;Manchu Man;2022-08-02T08:43:28;2257
41;Gunsly Bruce Lee;2022-02-03T13:43:28;8704
51;Sidewalk Enforcer;2021-07-28T04:43:28;7343
19;Animus;2022-02-08T09:43:28;3451
79;Pursuit;2022-01-07T04:43:28;3373
22;Given Moment;2022-05-07T14:43:28;4290
26;Critical Role;2021-07-25T00:43:28;3169
83;Bowie;2022-02-06T12:43:28;5076
10;Agitator;2021-10-10T22:43:28;1668
77;Geronimo;2022-02-18T12:43:28;4014
66;Automatic Slicer;2022-06-03T01:43:28;1115
32;Steel Foil;2021-09-14T19:43:28;9287
56;Roller Turtle;2022-07-19T22:43:28;7134
36;Albatross;2021-11-29T13:43:28;11567
39;Delivery Boy;2021-12-20T01:43:28;9941
29;Sienna Princess;2021-07-19T17:43:28;4251
87;Vulture;2021-06-05T00:43:28;11776
74;Gut;2022-06-22T13:43:28;972
59;Reed Lady;2021-09-04T04:43:28;3428
2;The Armor;2022-06-10T18:43:28;1475
19;Animus;2021-12-20T04:43:28;5790
62;Acid Gosling;2021-07-12T13:43:28;5962
21;Core Philosophies;2022-02-05T22:43:28;10138
76;Saint La-Z-Boy;2021-12-02T15:43:28;4142
44;Mighty Mafia;2022-06-29T21:43:28;4475
39;Delivery Boy;2021-05-06T13:43:28;3295
93;Cannon;2021-06-11T03:43:28;3433
20;Stream Elements;2021-04-23T18:43:28;3585
91;Skull Crusher;2021-08-08T06:43:28;5821
96;Cannon;2022-08-10T19:43:28;954
49;Bleed;2021-12-30T04:43:28;1101
64;Snake;2022-07-27T11:43:28;3745
28;Blood;2021-05-02T01:43:28;599
60;Sythe;2022-07-21T14:43:28;1337
44;Mighty Mafia;2022-06-26T08:43:28;4070
62;Acid Gosling;2022-08-11T11:43:28;7719
43;Manchu Man;2021-08-09T08:43:28;4334
15;Amaretto;2022-03-06T18:43:28;3238
91;Skull Crusher;2021-10-27T06:43:28;5061
24;Trink;2021-11-28T19:43:28;1098
80;ScaryPumpkin;2022-03-25T03:43:28;3419
48;CobraBite;2022-05-21T18:43:28;1946
80;ScaryPumpkin;2022-02-22T01:43:28;3843
72;Aspect;2022-06-30T18:43:28;1467
98;Footslam;2021-12-12T02:43:28;784
21;Core Philosophies;2021-04-30T11:43:28;5091
33;Jawbone;2022-03-18T00:43:28;1095
60;Sythe;2022-04-10T12:43:28;4658
47;Investor Relations;2022-01-25T06:43:28;848
68;Devil Chick;2022-07-23T14:43:28;4528
94;Sniper;2021-11-30T21:43:28;5469
31;Sky Bully;2022-01-25T10:43:28;1603
92;Dark Horse;2021-07-03T08:43:28;2916
26;Critical Role;2021-06-30T17:43:28;4442
89;Easy Sweep;2022-07-13T06:43:28;1821
30;Scalp;2021-04-28T12:43:28;3247
45;Anonymous Names;2022-05-27T07:43:28;5717
44;Mighty Mafia;2021-04-17T17:43:28;828
58;RedFeet;2022-07-16T00:43:28;1819
47;Investor Relations;2021-09-30T09:43:28;2009
50;Fisheye;2021-07-01T05:43:28;5189
8;Abyss;2021-07-27T14:43:28;1391
61;Kneecap;2022-03-15T03:43:28;2451
13;CargoKill;2022-05-27T16:43:28;1135
46;Homely Sharpshooters;2022-07-05T06:43:28;2636
3;Annihilator;2021-10-31T13:43:28;5676
64;Snake;2022-01-13T03:43:28;10161
5;Arbitrage;2022-01-26T15:43:28;2282
81;Breaker;2021-05-02T21:43:28;7534
27;Digital;2021-10-27T17:43:28;5808
15;Amaretto;2022-04-21T03:43:28;2725
59;Reed Lady;2021-09-03T11:43:28;3268
48;CobraBite;2022-06-29T00:43:28;1642
12;Agrippa;2022-05-10T12:43:28;2260
95;Darko;2021-04-11T03:43:28;1293
46;Homely Sharpshooters;2022-03-28T15:43:28;5613
56;Roller Turtle;2021-12-21T08:43:28;195
72;Aspect;2021-06-16T17:43:28;1811
43;Manchu Man;2021-09-01T03:43:28;1122
37;Bad Bunny;2021-09-21T19:43:28;5563
38;Titanium;2021-05-06T22:43:28;4347
60;Sythe;2021-11-18T09:43:28;5120
46;Homely Sharpshooters;2021-10-06T05:43:28;234
10;Agitator;2022-01-14T16:43:28;1978
82;Wardon;2021-09-23T01:43:28;1938
81;Breaker;2021-04-15T15:43:28;452
75;Blister;2021-05-13T04:43:28;3423
57;RoarSweetie;2021-09-15T16:43:28;1728
45;Anonymous Names;2021-08-27T05:43:28;1848
30;Scalp;2021-05-25T10:43:28;5240
34;Cool Iris;2022-04-22T21:43:28;519
1;My Arsenal;2022-08-09T19:43:28;5912
93;Cannon;2021-07-20T06:43:28;2958
56;Roller Turtle;2022-04-06T11:43:28;660
91;Skull Crusher;2022-08-03T23:43:28;5763
68;Devil Chick;2021-11-08T08:43:28;1549
80;ScaryPumpkin;2021-04-21T23:43:28;4756
12;Agrippa;2021-09-07T09:43:28;2658
64;Snake;2021-09-28T01:43:28;3360
48;CobraBite;2021-09-14T16:43:28;2844
54;Knuckles;2022-08-01T02:43:28;5659
56;Roller Turtle;2021-05-08T15:43:28;9171
53;Bullet;2022-06-04T06:43:28;2721
82;Wardon;2022-03-22T13:43:28;3074
54;Knuckles;2022-06-30T03:43:28;8
85;Iron-Cut;2021-08-30T18:43:28;4955
37;Bad Bunny;2021-08-27T04:43:28;2162
62;Acid Gosling;2021-08-29T13:43:28;4895
5;Arbitrage;2021-04-13T05:43:28;700
98;Footslam;2022-06-22T09:43:28;4571
57;RoarSweetie;2022-06-28T06:43:28;524
16;Amazon;2022-06-17T13:43:28;5802
83;Bowie;2021-07-28T21:43:28;4105
61;Kneecap;2022-04-14T16:43:28;2743
38;Titanium;2022-04-07T23:43:28;5826
78;Lynch;2022-04-09T13:43:28;4239
26;Critical Role;2021-09-07T05:43:28;2777
42;Harry Dotter;2021-06-25T18:43:28;4608
30;Scalp;2021-06-17T22:43:28;3178
49;Bleed;2022-05-20T19:43:28;10901
10;Agitator;2021-07-07T04:43:28;5657
33;Jawbone;2022-04-28T17:43:28;2449
42;Harry Dotter;2021-12-20T08:43:28;1119
77;Geronimo;2021-11-03T19:43:28;10854
3;Annihilator;2021-11-04T23:43:28;8337
48;CobraBite;2021-10-12T18:43:28;10999
43;Manchu Man;2022-07-24T06:43:28;4413
93;Cannon;2022-07-17T10:43:28;1074
83;Bowie;2022-06-14T00:43:28;1782
43;Manchu Man;2022-02-23T08:43:28;192
7;Alien;2021-06-05T07:43:28;412
95;Darko;2021-09-03T14:43:28;1281
13;CargoKill;2021-10-07T03:43:28;4343
16;Amazon;2022-05-18T09:43:28;11127
19;Animus;2022-04-19T01:43:28;2786
62;Acid Gosling;2022-07-13T09:43:28;5443
26;Critical Role;2022-05-16T00:43:28;3655
6;Team Arsenic;2022-02-21T10:43:28;3592
24;Trink;2022-03-17T01:43:28;2824
39;Delivery Boy;2021-12-22T18:43:28;896
80;ScaryPumpkin;2022-01-01T00:43:28;4523
66;Automatic Slicer;2021-11-05T08:43:28;4297
15;Amaretto;2022-05-12T02:43:28;5972
88;Schizo;2021-09-10T09:43:28;2614
75;Blister;2022-06-05T07:43:28;5984
6;Team Arsenic;2021-11-04T13:43:28;647
47;Investor Relations;2021-12-02T04:43:28;5660
25;Flagship Property;2022-08-16T18:43:28;2902
84;Grizzly;2022-08-04T00:43:28;902
20;Stream Elements;2022-04-04T12:43:28;11197
63;Rubble;2021-05-22T02:43:28;4987
45;Anonymous Names;2022-05-17T15:43:28;88
4;Anomaly;2021-04-16T23:43:28;4839
20;Stream Elements;2021-06-16T09:43:28;3484
26;Critical Role;2022-03-13T02:43:28;3785
21;Core Philosophies;2021-10-17T19:43:28;2169
85;Iron-Cut;2022-06-04T04:43:28;4051
51;Sidewalk Enforcer;2022-07-19T14:43:28;1556
32;Steel Foil;2021-09-18T21:43:28;6869
96;Cannon;2021-06-18T14:43:28;3852
18;Angon;2022-04-29T22:43:28;161
17;New Ambush;2021-11-09T16:43:28;4302
48;CobraBite;2021-04-25T22:43:28;3688
87;Vulture;2021-10-07T13:43:28;4743
98;Footslam;2021-12-13T01:43:28;8657
81;Breaker;2021-05-13T16:43:28;1643
17;New Ambush;2022-08-11T23:43:28;3007
7;Alien;2022-02-24T09:43:28;5218
24;Trink;2022-06-17T01:43:28;2899
94;Sniper;2021-06-11T10:43:28;2545
69;Accidental Genius;2021-11-01T21:43:28;3857
20;Stream Elements;2022-03-09T13:43:28;193
77;Geronimo;2021-04-22T05:43:28;5086
68;Devil Chick;2022-05-20T12:43:28;11440
83;Bowie;2022-07-09T00:43:28;5488
95;Darko;2022-04-10T10:43:28;1306
65;Hazzard;2022-01-08T04:43:28;2408
26;Critical Role;2022-01-16T14:43:28;5227
79;Pursuit;2022-01-21T07:43:28;4899
50;Fisheye;2022-01-28T08:43:28;3300
85;Iron-Cut;2021-06-29T22:43:28;7685
80;ScaryPumpkin;2022-07-28T15:43:28;4497
19;Animus;2022-02-13T02:43:28;165
79;Pursuit;2022-08-05T14:43:28;2163
8;Abyss;2021-07-26T21:43:28;4430
73;Tweek;2021-08-09T16:43:28;5823
42;Harry Dotter;2021-09-15T06:43:28;681
48;CobraBite;2022-07-02T13:43:28;1972
97;Doz Killer;2022-07-01T04:43:28;8948
58;RedFeet;2021-11-10T08:43:28;2716
41;Gunsly Bruce Lee;2021-08-20T07:43:28;5925
81;Breaker;2021-06-23T13:43:28;3172
82;Wardon;2021-04-13T01:43:28;6061
60;Sythe;2022-06-05T12:43:28;5199
10;Agitator;2022-05-08T23:43:28;4748
18;Angon;2021-10-09T10:43:28;3541
12;Agrippa;2021-06-19T03:43:28;5350
81;Breaker;2021-04-09T11:43:28;3454
1;My Arsenal;2021-07-16T03:43:28;2293
98;Footslam;2022-05-02T14:43:28;3303
27;Digital;2021-05-01T01:43:28;2648
56;Roller Turtle;2022-04-17T13:43:28;1692
71;Ironsides;2021-05-01T21:43:28;5950
94;Sniper;2021-11-17T10:43:28;2786
10;Agitator;2022-03-13T04:43:28;11727
95;Darko;2022-06-09T16:43:28;4743
49;Bleed;2022-07-30T07:43:28;10330
33;Jawbone;2022-03-15T10:43:28;5516
71;Ironsides;2022-06-05T02:43:28;2829
86;Dexter;2021-05-29T09:43:28;1705
23;Relative Performance;2021-08-08T08:43:28;357
30;Scalp;2021-09-13T08:43:28;4342
46;Homely Sharpshooters;2022-06-01T03:43:28;191
39;Delivery Boy;2022-06-07T15:43:28;4589
8;Abyss;2022-04-22T02:43:28;4439
1;My Arsenal;2022-04-11T10:43:28;1680
85;Iron-Cut;2021-11-19T00:43:28;285
79;Pursuit;2021-07-22T12:43:28;1377
29;Sienna Princess;2021-06-14T08:43:28;5963
47;Investor Relations;2021-07-30T10:43:28;5854
96;Cannon;2021-07-20T02:43:28;108
51;Sidewalk Enforcer;2021-08-26T16:43:28;4518
85;Iron-Cut;2022-07-08T23:43:28;354
52;Falcon;2022-07-02T16:43:28;2208
19;Animus;2021-04-14T00:43:28;65
4;Anomaly;2021-06-07T16:43:28;49
53;Bullet;2021-08-30T22:43:28;4859
55;Silver Stone;2022-02-18T16:43:28;3220
39;Delivery Boy;2021-06-26T23:43:28;3429
52;Falcon;2021-07-10T13:43:28;5905
17;New Ambush;2022-01-22T06:43:28;5113
7;Alien;2021-05-03T11:43:28;3909
11;Agony;2021-05-19T03:43:28;4786
32;Steel Foil;2022-05-20T15:43:28;8456
58;RedFeet;2022-05-20T23:43:28;2906
70;Capital F;2022-06-16T08:43:28;1349
71;Ironsides;2021-09-09T07:43:28;5744
85;Iron-Cut;2022-02-18T15:43:28;2474
6;Team Arsenic;2022-07-20T03:43:28;4196
56;Roller Turtle;2022-08-06T11:43:28;3236
59;Reed Lady;2021-08-20T00:43:28;188
23;Relative Performance;2022-05-07T08:43:28;87
66;Automatic Slicer;2022-05-27T02:43:28;2775
6;Team Arsenic;2021-07-26T19:43:28;3463
64;Snake;2022-08-01T02:43:28;636
42;Harry Dotter;2021-08-03T17:43:28;4587
45;Anonymous Names;2021-07-03T04:43:28;9680
55;Silver Stone;2022-05-11T13:43:28;2795
27;Digital;2021-05-22T22:43:28;3914
94;Sniper;2022-06-23T12:43:28;10922
67;Boar;2022-06-12T04:43:28;5607
51;Sidewalk Enforcer;2021-09-12T08:43:28;5940
2;The Armor;2021-10-01T21:43:28;1965
46;Homely Sharpshooters;2022-03-18T17:43:28;1038
49;Bleed;2021-09-25T01:43:28;1423
7;Alien;2022-03-05T15:43:28;5131
27;Digital;2021-12-04T07:43:28;5431
7;Alien;2021-06-19T13:43:28;2393
65;Hazzard;2021-09-27T04:43:28;7426
95;Darko;2022-01-09T13:43:28;2665
75;Blister;2022-03-06T04:43:28;949
61;Kneecap;2022-05-31T12:43:28;1173
41;Gunsly Bruce Lee;2022-07-31T05:43:28;328
75;Blister;2021-11-23T18:43:28;2720
50;Fisheye;2021-10-21T23:43:28;3883
75;Blister;2021-11-29T13:43:28;3660
73;Tweek;2022-06-13T02:43:28;4076
5;Arbitrage;2022-02-08T13:43:28;2265
27;Digital;2022-07-04T23:43:28;1316
57;RoarSweetie;2022-04-22T11:43:28;5083
12;Agrippa;2021-10-08T02:43:28;2288
85;Iron-Cut;2022-04-28T10:43:28;3385
96;Cannon;2021-09-06T06:43:28;2559
85;Iron-Cut;2021-06-12T17:43:28;173
12;Agrippa;2021-06-19T03:43:28;6040
94;Sniper;2022-05-10T11:43:28;5079
11;Agony;2021-09-27T08:43:28;442
24;Trink;2021-07-22T17:43:28;334
85;Iron-Cut;2022-01-22T06:43:28;709
68;Devil Chick;2021-04-25T16:43:28;1057
48;CobraBite;2021-12-05T04:43:28;2207
19;Animus;2021-08-11T10:43:28;10790
96;Cannon;2022-02-23T21:43:28;3400
81;Breaker;2022-07-11T18:43:28;326
44;Mighty Mafia;2022-06-29T07:43:28;86
98;Footslam;2021-06-02T13:43:28;5934
20;Stream Elements;2021-07-13T07:43:28;3975
43;Manchu Man;2022-01-12T09:43:28;2784
94;Sniper;2021-06-08T23:43:28;5769
23;Relative Performance;2022-08-13T14:43:28;1747
63;Rubble;2022-06-20T02:43:28;6093
58;RedFeet;2022-01-29T12:43:28;11363
60;Sythe;2022-04-21T08:43:28;4074
23;Relative Performance;2021-06-09T19:43:28;1308
43;Manchu Man;2022-02-24T02:43:28;5031
23;Relative Performance;2022-05-23T13:43:28;383
88;Schizo;2021-09-09T03:43:28;2622
22;Given Moment;2021-04-16T10:43:28;7564
83;Bowie;2021-11-07T00:43:28;350
17;New Ambush;2022-03-01T11:43:28;7641
61;Kneecap;2022-08-06T02:43:28;4685
95;Darko;2021-05-13T09:43:28;3174
15;Amaretto;2022-07-27T03:43:28;5811
63;Rubble;2022-02-25T11:43:28;6859
10;Agitator;2022-05-04T06:43:28;3777
11;Agony;2021-11-02T13:43:28;2963
96;Cannon;2022-05-19T06:43:28;5817
73;Tweek;2022-02-18T17:43:28;2192
75;Blister;2021-05-17T23:43:28;937
60;Sythe;2022-02-13T12:43:28;4682
20;Stream Elements;2021-12-29T04:43:28;4363
73;Tweek;2022-07-30T19:43:28;5221
27;Digital;2022-04-16T04:43:28;1061
20;Stream Elements;2021-09-15T11:43:28;10680
5;Arbitrage;2021-06-24T00:43:28;8596
21;Core Philosophies;2022-03-18T11:43:28;7806
29;Sienna Princess;2021-07-17T22:43:28;737
47;Investor Relations;2021-06-15T13:43:28;5977
1;My Arsenal;2022-07-30T22:43:28;2987
39;Delivery Boy;2022-03-30T11:43:28;3499
44;Mighty Mafia;2022-06-02T00:43:28;2546
15;Amaretto;2021-09-24T13:43:28;167
66;Automatic Slicer;2022-04-23T04:43:28;2388
86;Dexter;2021-09-03T13:43:28;2684
18;Angon;2021-11-06T08:43:28;2453
48;CobraBite;2022-06-05T11:43:28;5522
61;Kneecap;2021-07-25T04:43:28;116
83;Bowie;2021-07-02T19:43:28;3932
27;Digital;2022-03-18T02:43:28;10
40;Dug Funnie;2021-04-30T18:43:28;127
14;Albatross;2021-12-08T00:43:28;5645
22;Given Moment;2022-06-19T14:43:28;3381
28;Blood;2021-11-19T03:43:28;2364
4;Anomaly;2021-04-23T18:43:28;2573
31;Sky Bully;2021-10-23T23:43:28;4553
93;Cannon;2021-07-26T17:43:28;5181
66;Automatic Slicer;2021-04-06T04:43:28;5817
88;Schizo;2021-09-17T18:43:28;139
63;Rubble;2022-07-28T01:43:28;451
62;Acid Gosling;2022-07-26T09:43:28;1630
40;Dug Funnie;2022-08-10T22:43:28;9940
71;Ironsides;2021-10-31T12:43:28;4110
56;Roller Turtle;2022-03-17T00:43:28;2177
47;Investor Relations;2021-05-24T15:43:28;2364
70;Capital F;2022-03-15T03:43:28;5464
49;Bleed;2022-07-24T13:43:28;566
11;Agony;2021-04-17T00:43:28;5871
60;Sythe;2021-06-21T13:43:28;2068
82;Wardon;2022-06-02T04:43:28;4509
93;Cannon;2022-02-21T08:43:28;3656
83;Bowie;2021-08-18T05:43:28;2661
47;Investor Relations;2021-12-14T10:43:28;4005
67;Boar;2022-06-08T23:43:28;4722
35;Tusk;2021-11-20T14:43:28;5673
39;Delivery Boy;2021-06-21T22:43:28;186
39;Delivery Boy;2021-07-07T16:43:28;6799
47;Investor Relations;2021-05-30T06:43:28;5222
25;Flagship Property;2021-08-20T08:43:28;555
85;Iron-Cut;2021-09-13T02:43:28;5100
82;Wardon;2022-08-07T17:43:28;808
15;Amaretto;2021-12-13T08:43:28;4361
17;New Ambush;2021-07-02T09:43:28;2960
4;Anomaly;2021-04-16T02:43:28;2268
1;My Arsenal;2021-12-07T13:43:28;1410
28;Blood;2022-02-04T01:43:28;2475
86;Dexter;2022-01-20T08:43:28;732
50;Fisheye;2021-05-03T07:43:28;9087
49;Bleed;2022-07-22T10:43:28;412
66;Automatic Slicer;2022-03-17T03:43:28;2229
10;Agitator;2022-06-11T13:43:28;7613
7;Alien;2021-09-17T05:43:28;1275
93;Cannon;2021-10-09T09:43:28;3340
45;Anonymous Names;2022-03-30T02:43:28;2700
7;Alien;2021-11-12T18:43:28;4222
52;Falcon;2021-06-07T22:43:28;3210
81;Breaker;2022-08-07T19:43:28;4968
61;Kneecap;2021-11-26T01:43:28;11583
80;ScaryPumpkin;2021-06-30T17:43:28;7917
61;Kneecap;2021-05-25T23:43:28;4612
43;Manchu Man;2022-07-18T08:43:28;5061
39;Delivery Boy;2022-06-13T01:43:28;3616
91;Skull Crusher;2021-05-31T10:43:28;3934
90;Razor;2022-02-24T04:43:28;599
16;Amazon;2021-08-29T09:43:28;2369
27;Digital;2021-07-24T05:43:28;1711
69;Accidental Genius;2022-04-19T18:43:28;10860
74;Gut;2021-04-25T21:43:28;5970
10;Agitator;2022-06-15T09:43:28;3517
83;Bowie;2021-08-21T08:43:28;1249
86;Dexter;2021-12-22T11:43:28;1625
79;Pursuit;2021-10-05T23:43:28;2576
22;Given Moment;2021-10-14T13:43:28;11823
79;Pursuit;2021-10-29T21:43:28;3161
90;Razor;2022-07-02T17:43:28;4170
85;Iron-Cut;2021-08-06T03:43:28;246
51;Sidewalk Enforcer;2021-09-12T08:43:28;1526
16;Amazon;2022-03-14T07:43:28;5341
6;Team Arsenic;2022-05-26T17:43:28;4756
81;Breaker;2022-05-20T03:43:28;4411
46;Homely Sharpshooters;2022-04-27T13:43:28;863
52;Falcon;2021-08-11T21:43:28;2419
68;Devil Chick;2021-06-11T15:43:28;1125
18;Angon;2021-04-19T04:43:28;4934
48;CobraBite;2022-07-15T13:43:28;1242
76;Saint La-Z-Boy;2021-09-27T01:43:28;11181
6;Team Arsenic;2021-10-07T19:43:28;3974
65;Hazzard;2021-08-01T21:43:28;1436
73;Tweek;2022-06-17T15:43:28;2901
30;Scalp;2022-06-13T23:43:28;3337
57;RoarSweetie;2022-02-26T08:43:28;6324
80;ScaryPumpkin;2022-05-08T07:43:28;348
7;Alien;2021-04-06T09:43:28;5343
96;Cannon;2021-06-10T03:43:28;846
36;Albatross;2021-09-16T15:43:28;3279
98;Footslam;2022-05-01T03:43:28;5083
24;Trink;2022-03-12T12:43:28;2366
63;Rubble;2022-03-16T07:43:28;8738
75;Blister;2021-04-27T10:43:28;4883
39;Delivery Boy;2021-04-17T00:43:28;4373
17;New Ambush;2021-10-20T19:43:28;324
3;Annihilator;2021-06-18T02:43:28;1174
54;Knuckles;2021-05-03T09:43:28;1534
55;Silver Stone;2022-03-26T23:43:28;1716
70;Capital F;2021-04-26T15:43:28;4306
33;Jawbone;2021-11-06T23:43:28;886
12;Agrippa;2022-06-30T18:43:28;3520
41;Gunsly Bruce Lee;2022-02-16T06:43:28;4162
49;Bleed;2022-05-10T12:43:28;734
64;Snake;2022-05-15T22:43:28;519
6;Team Arsenic;2021-08-11T12:43:28;5467
